Marca_Detectada,Descripcion_Original,Tamano,Precio,Sabor,URL
DRAGON PHARMA,Isophorm,2 lb,890,White Chocolate Peanut,https://dragonpharmalabs.com/cdn/shop/files/850077324048_Render_IsoPhorm_2lbs_White_Chocolate_Peanut_Butter_V2_1_720x.png
DRAGON PHARMA,Isophorm,2 lb,890,Cookies and Cream,https://dragonpharmalabs.com/cdn/shop/files/850077324024_Render_IsoPhorm_2lbs_Cookies_and_Cream_V2_3_720x.png?v=1761321238
DRAGON PHARMA,Isophorm,2 lb,890,Hot Chocolate,https://dragonpharmalabs.com/cdn/shop/files/850077324017_Render_IsoPhorm_2lbs_Hot-Chocolate_V2_1_720x.png?v=1761321238
DRAGON PHARMA,Isophorm,2 lb,890,Blue Berry,https://dragonpharmalabs.com/cdn/shop/files/850077324031_Render_IsoPhorm_2lbs_Blueberry_Ice_Cream_V2_1_720x.png?v=1761321238
DRAGON PHARMA,Isophorm,2 lb,890,Vainilla Soft,https://dragonpharmalabs.com/cdn/shop/files/850077324000_Render_IsoPhorm_2lbs_Vanilla_Soft_Serve_V2_1_720x.png?v=1761321238
DRAGON PHARMA,Isophorm,5 lb,1490,Blue Berry Ice Cream,https://http2.mlstatic.com/D_NQ_NP_2X_709233-MLA100274440066_122025-F.webp
DRAGON PHARMA,Isophorm,5 lb,1490,Cookies and Cream,https://http2.mlstatic.com/D_NQ_NP_2X_953728-MLA103744530636_012026-F.webp
DRAGON PHARMA,Isophorm,5 lb,1490,Vainilla Soft,https://http2.mlstatic.com/D_NQ_NP_2X_980134-MLA103730567852_012026-F.webp
DRAGON PHARMA,Isophorm,5 lb,1490,White Chocolate Peanut,https://http2.mlstatic.com/D_NQ_NP_933506-MLM108655356563_032026-O.webp
DRAGON PHARMA,Isophorm,5 lb,1490,Hot Chocolate,https://healthzone.mx/cdn/shop/files/iso_phorm_hot_chocolate_1200x1200_white_v3.jpg?v=1771109415
DRAGON PHARMA,Whey phorm,5 lb,1075,Capuchino,https://http2.mlstatic.com/D_Q_NP_942490-MLA104190176685_012026-O.webp
DRAGON PHARMA,Whey phorm,5 lb,1075,Coconut Ice,https://http2.mlstatic.com/D_Q_NP_779888-MLA103661523706_012026-O.webp
DRAGON PHARMA,Whey phorm,5 lb,1075,Double Chocolate Brownie,https://http2.mlstatic.com/D_Q_NP_906101-MLA100871192045_122025-O.webp
DRAGON PHARMA,Whey phorm,5 lb,1075,White Chocolate,https://http2.mlstatic.com/D_NQ_NP_791764-MLA104257415317_012026-O.webp
DRAGON PHARMA,Mass phorm,12 lb,1025,Chocolate Milkshake,https://http2.mlstatic.com/D_Q_NP_621130-MLA99937232797_112025-O.webp
DRAGON PHARMA,Mass phorm,12 lb,1025,Vainilla Milkshake,https://http2.mlstatic.com/D_Q_NP_883235-MLU75699222113_042024-O.webp
DRAGON PHARMA,Mr veinz,40 sv,405,Orange Fury,https://encrypted-tbn2.gstatic.com/shopping?q=tbn:ANd9GcSe8Hr7qXzKqE0VhysH0Ysy8ha6MbSjmJBUZ2uLEAd8RwGGg_GgKbFa7uTF8qO7A97j6fWgPB9wGujzLwUahy-FdO3VmQopuAZmNawNO13mLj5Npuf7eSBWcM50iVjZCvky2Z8PBg&usqp=CAc
DRAGON PHARMA,Mr veinz,40 sv,405,Jacked Grape,https://encrypted-tbn0.gstatic.com/shopping?q=tbn:ANd9GcRRoR_aUL04jrmmUM98GcLMzKfDTqk22-AZE_Y-JbpFVpdlp3Qdcgcurm15PC9fHH38eGcOOHjQgRYHCc-vdqQ2uqd9GzMyiVXJyKEezw76JLfyK2EWJOldToekVEtMA6IZDOuuJ9Y&usqp=CAc
DRAGON PHARMA,Mr veinz,40 sv,405,Wicked Pineapple,https://encrypted-tbn3.gstatic.com/shopping?q=tbn:ANd9GcTZSIFgM-n2oCIFHpH6agK_AM5xJ4OQD2vb4oI1sJl16V6vv-lllprHLzQv_6A9HEgWjccOtyvY6AN7r3s2Ttid6kubcA0Lrf-qDs-whfvX_vuWeLWlrkhG8SSpAyGiUYQp_LH3UA&usqp=CAc
DRAGON PHARMA,Mr veinz,40 sv,405,Strawberry Kiwi,https://encrypted-tbn2.gstatic.com/shopping?q=tbn:ANd9GcT5LCwy7JlrpHgEN5IDEnnUEH-t17o3dcLdXbpprKa5ghfmzZeutA_y9GNmp9iJqqHbKS1aH3Lv5DLV5va5aFg07xmjM2mV7YRZ9m-6zQLXnzyDvACBI2CkDqci92my-O3ngTLy2g&usqp=CAc
DRAGON PHARMA,Mr veinz,40 sv,405,Manic Mango,https://encrypted-tbn0.gstatic.com/shopping?q=tbn:ANd9GcQvebgLu2b7DXKjQt_DIThkoYtb3gplZsYAS_4CX_En4Vbbz9OeX5w6MnQy59XpW9CM_VSBGLamMVABMp_M2KaSnhfzbRugD0a9V3-mrFBsDd4pN6NXLucREqlYAtOIffowfl-wHQ&usqp=CAc
DRAGON PHARMA,Neuromorph,40 sv,420,Orange Mango,https://http2.mlstatic.com/D_NQ_NP_607979-MLA99508053240_112025-O.webp
DRAGON PHARMA,Neuromorph,40 sv,420,Piña Colada,https://http2.mlstatic.com/D_Q_NP_889084-MLA99529604578_122025-O.webp
DRAGON PHARMA,Neuromorph,40 sv,420,Cherry Lime,"https://m.media-amazon.com/images/I/71+kMAKekAL._AC_UF1000,1000_QL80_.jpg"
DRAGON PHARMA,Venom,40 sv,380,AGUA FRESCA TAMARINDO,https://http2.mlstatic.com/D_NQ_NP_2X_993908-MLA99412722852_112025-F.webp
DRAGON PHARMA,Venom,40 sv,380,AMERICAN JUICE,https://suplementosmx.com/cdn/shop/files/venom-american-juice_600x600.webp?v=1724951495
DRAGON PHARMA,Venom,40 sv,380,BLUE RAZZ,https://http2.mlstatic.com/D_NQ_NP_986942-MLA99555238604_122025-O.webp
DRAGON PHARMA,Venom,40 sv,380,BOMB POP,https://http2.mlstatic.com/D_NQ_NP_848065-MLA96181965557_102025-O.webp
DRAGON PHARMA,Venom,40 sv,380,CAIPIRINHA,https://mrcandy.mx/cdn/shop/files/IMG-6897.webp?v=1744917243&width=1445
DRAGON PHARMA,Venom,40 sv,380,GLACIAL GRAPE,https://http2.mlstatic.com/D_NQ_NP_719959-MLA100037383005_122025-O.webp
DRAGON PHARMA,Venom,40 sv,380,GRAPE CRUSH,https://i5.walmartimages.com/asr/cbe5c762-b743-47d0-828b-aa363aac9152.e3b127a85e8170e37fe9eae1c4e7ee7e.jpeg?odnHeight=612&odnWidth=612&odnBg=FFFFFF
DRAGON PHARMA,Venom,40 sv,380,MANGONADA,https://http2.mlstatic.com/D_Q_NP_999361-MLA99954025085_112025-O.webp
DRAGON PHARMA,Venom,40 sv,380,MIAMI VIBES,https://suplementosmx.com/cdn/shop/files/RENDERS-600X600-2023-venom-miami-vibes_720x_3071b12e-f840-4a8d-8e64-c8277fb7cf3e_600x600.webp?v=1724951412
DRAGON PHARMA,Venom,40 sv,380,PASSION FRUIT,https://http2.mlstatic.com/D_NQ_NP_980540-MLU78923122423_092024-O.webp
DRAGON PHARMA,Venom,40 sv,380,PIÑA COLADA,https://http2.mlstatic.com/D_NQ_NP_885954-MLA99446264932_112025-O.webp
DRAGON PHARMA,Venom,40 sv,380,SOUR PEACH GUMMY,https://http2.mlstatic.com/D_NQ_NP_910713-MLA100002944189_112025-O.webp
DRAGON PHARMA,Venom,40 sv,380,TROPICAL FRUIT PUNCH,https://http2.mlstatic.com/D_Q_NP_767112-MLA99443561254_112025-O.webp
DRAGON PHARMA,Venom,40 sv,380,WATERMELON,https://http2.mlstatic.com/D_NQ_NP_826594-MLA98398982342_112025-O.webp
DRAGON PHARMA,Venom,40 sv,380,WHITE DRAGON,https://m.media-amazon.com/images/I/71B0xb8PuBL.jpg
DRAGON PHARMA,Venom inferno,40 sv,415,DRAGONS BLOOD,https://thesuppsfactory.com.mx/wp-content/uploads/2025/04/D_Q_NP_635793-MLU74338658819_022024-O.webp
DRAGON PHARMA,Venom inferno,40 sv,415,SOUR RAINBOW,https://http2.mlstatic.com/D_NQ_NP_995756-MLA99979837145_112025-O.webp
DRAGON PHARMA,Venom inferno,40 sv,415,COTTON CANDY,https://http2.mlstatic.com/D_NQ_NP_612561-MLU74221922030_012024-O.webp
DRAGON PHARMA,Venom inferno,40 sv,415,BRAZO DE 50,https://http2.mlstatic.com/D_NQ_NP_688955-MLA100063234585_122025-O.webp
DRAGON PHARMA,Venom inferno,40 sv,415,SANDILETA SHOT,https://suplementosmx.com/cdn/shop/files/D_NQ_NP_645402-MLU78130482162_082024-O_370x500.webp?v=1724951873
DRAGON PHARMA,Venom inferno,40 sv,430,LYCHEE,https://suplementosmx.com/cdn/shop/files/D_NQ_NP_645402-MLU78130482162_082024-O_370x500.webp?v=1724951873
DRAGON PHARMA,Dr Feaar,30 sv,410,CHERRY POMEGRANATE,https://http2.mlstatic.com/D_NQ_NP_818603-MLA99934068985_112025-O.webp
DRAGON PHARMA,Dr Feaar,30 sv,410,PEACH GUAVA,https://http2.mlstatic.com/D_Q_NP_802663-MLA99379473870_112025-O.webp
DRAGON PHARMA,Dr Feaar,30 sv,410,RASPBERRY LEMONADE,https://i5.walmartimages.com/asr/f379657c-b9bd-4b8b-a450-4ee7f94fd146.f4f46cfb48631d3faf2589f2265c0901.png
DRAGON PHARMA,Dr Feaar,30 sv,410,PINK DRAGON,https://http2.mlstatic.com/D_NQ_NP_864076-MLA99945694421_112025-O.webp
DRAGON PHARMA,Black Viper,90 cap,390,-,https://i5.walmartimages.com/asr/c67bec2f-dadc-482c-a24c-840cf776f00c.a5d6079048f030ab41accb18ba3e58bf.jpeg
DRAGON PHARMA,L Carnitine,480 ml,320,Blue Raspberry,https://encrypted-tbn2.gstatic.com/shopping?q=tbn:ANd9GcSRyGNvd9fUg60KxKuoiT0vXdrnyzd5ZNRMKHrhHoZ8UmSGwp7DVRnW3y-GFG5kOz3iFFhImCkpOngX79vgIH3HsFIuPIRC_WFRPmlUDPbwjC2IcE0bGseNHkh_aKtZlAOSCa20-_g&usqp=CAc
DRAGON PHARMA,L Carnitine,480 ml,320,Orange Pineapple,https://encrypted-tbn2.gstatic.com/shopping?q=tbn:ANd9GcQE8lXf5xAl-J6bnvIm9aOrdMA7yk3T06Z5J_yWkytlSlTVPdLk7dq3qkFq3noe1FoSL9-_T6v5ZtTRcPEbZhB0xVQvo2Cb6wb2IjnCbvwhFssuO59IIKIHdCAfQSM7BleSA22LCQ&usqp=CAc
DRAGON PHARMA,L Carnitine,480 ml,320,Sour Watermelon,https://encrypted-tbn1.gstatic.com/shopping?q=tbn:ANd9GcQr9t4z2weN_UhbuMMDYtfvQ3F1JdxchIpqCaZ5NOOzLEiu0-A5EQhiz5uB2TyiQStr0kLXIY_-xjpD3fcRINOKMahKEOh68TU0nUr0JBBGFZawiBuNSAbTnHymgIyZCLldp_OYhec&usqp=CAc
DRAGON PHARMA,L Carnitine,480 ml,320,Strawberry Mango,https://encrypted-tbn0.gstatic.com/shopping?q=tbn:ANd9GcRdyYGAChEUwcgFvZNIovxgWBf0jinUaaihIZ8d8O8K12kEdbtN1VCM_P65CEveMb8iEReZzXomPk5DBv7f4zUTuPCFVhakEYq4vb1UUAcJj8zNUB-dLVmT44GfUAqOIsJGku4_QQ&usqp=CAc
DRAGON PHARMA,Atp Force,30 sv,395,GRAPE JUICE,https://dragonpharmalabs.com/cdn/shop/files/RENDERS-600X600-2023_0004_atp-force-v2-grape-front_720x.png?v=1697047885
DRAGON PHARMA,Atp Force,30 sv,395,MANGO COCONUT,https://dragonpharmalabs.com/cdn/shop/files/RENDERS-600X600-2023_0003_atp-force-v2-mango-coconut-front_720x.png?v=1697047885
DRAGON PHARMA,Atp Force,30 sv,395,PIÑA COLADA,https://dragonpharmalabs.com/cdn/shop/files/RENDERS-600X600-2023_0002_atp-force-v2-ppina-colada-front_720x.png?v=1697047885
DRAGON PHARMA,Atp Force,30 sv,395,STRAWBERRY LEMONADE,https://dragonpharmalabs.com/cdn/shop/files/RENDERS-600X600-2023_0001_atp-force-v2-strawberry-lemonade-front_720x.png?v=1697047885
DRAGON PHARMA,Atp Force,30 sv,395,UNFLAVORED,https://dragonpharmalabs.com/cdn/shop/files/RENDERS-600X600-2023_0000_atp-force-v2-unflavored-front_720x.png?v=1697047885
DRAGON PHARMA,Creatina,60 sv,340,-,https://dragonpharmalabs.com/cdn/shop/files/850040025095-Render-Creatine_Unflavored_60-1_3_720x.png?v=1770656005
DRAGON PHARMA,Creatina,200 sv,650,-,https://dragonpharmalabs.com/cdn/shop/files/SKU-Render-Creatine_Unflavored_200-1_720x.png?v=1770656823
DRAGON PHARMA,Glutamine,60 sv,295,-,https://dragonpharmalabs.com/cdn/shop/files/RENDERS-600X600-2023_0018_Mockup---Glutamine-Essentials---Dragon-Pharma---Sem-Fundo1_720x.png?v=1691501674
DRAGON PHARMA,Hydra,120 cap,400,-,"https://m.media-amazon.com/images/I/61jwMfmiqCL._AC_UF1000,1000_QL80_.jpg"
DRAGON PHARMA,Greens & Reds,30 sv,399,Lemonade,https://dragonpharmalabs.com/cdn/shop/files/RENDERS-600X600-2023_0014_Mockup---Dragon-Pharma---Reds-n-Greens---Lemonade---Posicao-1_720x.png?v=1691501627
DRAGON PHARMA,Greens & Reds,30 sv,399,Mango,https://dragonpharmalabs.com/cdn/shop/files/Greens-Mango_0001_Mockup---Dragon-Pharma---Reds-n-Greens---Mango---Posicao-1_720x.png?v=1711379088
DRAGON PHARMA,Fematrope,60 cap,405,,"https://m.media-amazon.com/images/I/51+cfxtGKUL._AC_UF1000,1000_QL80_.jpg"
DYMATIZE,Iso 100,5 lb,1590,BROWNIE,https://m.media-amazon.com/images/I/81cqls0wuNL._AC_SX679_.jpg
DYMATIZE,Iso 100,5 lb,1590,CHURRO,"https://m.media-amazon.com/images/I/61DvcEoXkkL._AC_UF1000,1000_QL80_.jpg"
DYMATIZE,Iso 100,5 lb,1590,COCOA PEBBLES,"https://cloudinary.images-iherb.com/image/upload/f_auto,q_auto:eco/images/dyz/dyz35344/g/40.jpg"
DYMATIZE,Iso 100,5 lb,1590,FRUTTY PEBBLES,"https://cloudinary.images-iherb.com/image/upload/f_auto,q_auto:eco/images/dyz/dyz35343/g/40.jpg"
DYMATIZE,Iso 100,5 lb,1590,STRAWBERRY,"https://cloudinary.images-iherb.com/image/upload/f_auto,q_auto:eco/images/dyz/dyz60037/g/10.jpg"
DYMATIZE,Iso 100,5 lb,1590,CHOCOLATE PEANUT,"https://cloudinary.images-iherb.com/image/upload/f_auto,q_auto:eco/images/dyz/dyz35355/g/32.jpg"
DYMATIZE,Iso 100,5 lb,1590,BIRTHDAY CAKE,"https://cloudinary.images-iherb.com/image/upload/f_auto,q_auto:eco/images/dyz/dyz50042/g/44.jpg"
DYMATIZE,Iso 100,5 lb,1590,VAINILLA,"https://cloudinary.images-iherb.com/image/upload/f_auto,q_auto:eco/images/dyz/dyz35321/g/42.jpg"
DYMATIZE,Iso 100,5 lb,1590,GOURMET CHOCOLATE,"https://cloudinary.images-iherb.com/image/upload/f_auto,q_auto:eco/images/dyz/dyz35318/g/38.jpg"
DYMATIZE,Iso 100,5 lb,1590,ORANGE CREAMSICLE,https://i5.walmartimages.com/asr/5038c605-9795-4548-99e4-c076d76401ac.374cddd721458030a08ebc7bad1c0ef3.jpeg?odnHeight=612&odnWidth=612&odnBg=FFFFFF
DYMATIZE,Iso 100,5 lb,1590,COOKIES and CREAM,"https://cloudinary.images-iherb.com/image/upload/f_auto,q_auto:eco/images/dyz/dyz35320/g/28.jpg"
DYMATIZE,Iso 100,3 lb,1105,COCOA PEBBLES,https://m.media-amazon.com/images/I/81wTtqjpWkL._AC_SX679_.jpg
DYMATIZE,Iso 100,3 lb,1105,FRUTTY CEREAL,https://m.media-amazon.com/images/I/71eIuFrb8PL._AC_SL1320_.jpg
DYMATIZE,Iso 100,3 lb,1105,VAINILLA,https://m.media-amazon.com/images/I/71--ibg8NjL._AC_SL1500_.jpg
DYMATIZE,Iso 100,3 lb,1105,GOURMET CHOCOLATE,https://image.makewebcdn.com/makeweb/m_1920x0/k7p5FZEpV/AC/%E0%B8%A3%E0%B8%B9%E0%B8%9B%E0%B8%A0%E0%B8%B2%E0%B8%9E_15_1_65_21_58_52.jpg
DYMATIZE,Iso 100,3 lb,1105,BROWNIE,https://i5.walmartimages.com/asr/7d7ac2ec-2781-46ad-bf96-01e4f5fe62c3.55cce0d824cebba88516e1d96736008e.jpeg?odnHeight=640&odnWidth=640&odnBg=FFFFFF
DYMATIZE,Iso 100,1.3 lb,670,STRAWBERRY,"https://cloudinary.images-iherb.com/image/upload/f_auto,q_auto:eco/images/dyz/dyz60037/y/10.jpg"
DYMATIZE,Iso 100,1.3 lb,670,FRUTTY CEREAL,"https://cloudinary.images-iherb.com/image/upload/f_auto,q_auto:eco/images/dyz/dyz35420/v/24.jpg"
DYMATIZE,Iso 100,1.3 lb,670,COOKIES,https://http2.mlstatic.com/D_NQ_NP_2X_695524-MLA106662342755_022026-F.webp
DYMATIZE,Iso 100,1.3 lb,670,VAINILLA ICE CREAM,https://i5.walmartimages.com/asr/81a0339e-2012-43b1-931f-d21dc72d81d0.0d2b360365b1f81d5ccea2d77e2cd9cd.jpeg
DYMATIZE,Iso 100,1.3 lb,670,COCOA PEBBLES,"https://cloudinary.images-iherb.com/image/upload/f_auto,q_auto:eco/images/dyz/dyz35620/g/32.jpg"
DYMATIZE,Iso 100,1.3 lb,670,GOURMET CHOCOLATE,https://m.media-amazon.com/images/I/71dXtdnfDiL._AC_SL1332_.jpg
DYMATIZE,Iso 100,1.3 lb,670,BIRTHDAY CAKE,"https://cloudinary.images-iherb.com/image/upload/f_auto,q_auto:eco/images/dyz/dyz60036/g/8.jpg"
DYMATIZE,Iso 100,1.3 lb,670,BROWNIE,"https://m.media-amazon.com/images/I/8134fIo+axL._AC_UF1000,1000_QL80_.jpg"
DYMATIZE,Iso 100,1.3 lb,670,CHOCOLATE PEANUT,"https://m.media-amazon.com/images/I/81bdNSjIDBL._AC_UF1000,1000_QL80_.jpg"
DYMATIZE,Iso 100,1.3 lb,670,DUNKIN CAPUCHINO,"https://cloudinary.images-iherb.com/image/upload/f_auto,q_auto:eco/images/dyz/dyz60010/g/26.jpg"
DYMATIZE,Iso 100,1.3 lb,670,DUNKIN GLAZED DONUT,"https://cloudinary.images-iherb.com/image/upload/f_auto,q_auto:eco/images/dyz/dyz60069/g/8.jpg"
DYMATIZE,Iso 100,1.3 lb,670,DUNKIN MOCHA LATTE,"https://cloudinary.images-iherb.com/image/upload/f_auto,q_auto:eco/images/dyz/dyz60020/g/8.jpg"
DYMATIZE,Elite whey,2 lb,635,RICH CHOCOLATE,"https://cloudinary.images-iherb.com/image/upload/f_auto,q_auto:eco/images/dyz/dyz59914/g/24.jpg"
DYMATIZE,Elite whey,2 lb,635,GOURMET VAINILLA,"https://cloudinary.images-iherb.com/image/upload/f_auto,q_auto:eco/images/dyz/dyz59916/g/14.jpg"
DYMATIZE,Elite whey,2 lb,1070,COOKIES and CREAM,"https://cloudinary.images-iherb.com/image/upload/f_auto,q_auto:eco/images/dyz/dyz59922/v/20.jpg"
DYMATIZE,Elite whey,5 lb,1070,GOURMET VAINILLA,https://m.media-amazon.com/images/I/71--ibg8NjL._AC_SL1500_.jpg
DYMATIZE,Elite whey,5 lb,1070,RICH CHOCOLATE,"https://cloudinary.images-iherb.com/image/upload/f_auto,q_auto:eco/images/dyz/dyz56007/l/21.jpg"
DYMATIZE,Shaker,600 ml,120,-,https://resources.sears.com.mx/medios-plazavip/t1/1735231100WhatsAppImage20241223at150453jpeg
EVOGEN,Isoject,1.97 lb,800,BANANA CREAM,https://http2.mlstatic.com/D_NQ_NP_714856-MLM84567783052_052025-O.webp
EVOGEN,Isoject,1.97 lb,800,CHOCOLATE,https://http2.mlstatic.com/D_NQ_NP_2X_643307-MLA100009023521_122025-F.webp
EVOGEN,Isoject,1.97 lb,800,CHOCOLATE PEANUT BUTTER,https://http2.mlstatic.com/D_NQ_NP_854851-MLA95846969095_102025-O.webp
EVOGEN,Isoject,1.97 lb,800,CINNAMON CRUNCH,https://m.media-amazon.com/images/I/61cqrR2SiZL.jpg
EVOGEN,Isoject,1.97 lb,800,COOKIES AND CREAM,https://www.evogennutrition.com/cdn/shop/files/IsoJect_blue_renders_NO_BAND_2025_Cookies_front.png?v=1772732563&width=800
EVOGEN,Isoject,1.97 lb,800,EVOCCINO,https://http2.mlstatic.com/D_NQ_NP_812025-MLU73725485559_122023-O.webp
EVOGEN,Isoject,1.97 lb,800,FRUITY CEREAL,https://http2.mlstatic.com/D_NQ_NP_846093-MLU73179541529_112023-O.webp
EVOGEN,Isoject,1.97 lb,800,ICE CREAM SANDWICH,https://www.evogennutrition.com/cdn/shop/files/IsoJect_white_lid_Icecream_front.png?v=1772732563&width=800
EVOGEN,Isoject,1.97 lb,800,MINICRISP COOKIES,https://m.media-amazon.com/images/I/61-BKfqSDhL._AC_SX679_.jpg
EVOGEN,Isoject,1.97 lb,800,OATMEAL COOKIE,https://www.evogennutrition.com/cdn/shop/files/IsoJect_white_lid_Oatmeal_Cookie_front.png?v=1772732563&width=800
EVOGEN,Isoject,1.97 lb,800,PEPPERMINT FUDGE BROWNIE,https://cdn.shopify.com/s/files/1/0032/5736/8611/files/Evogen-IsoJect-Peppermint-Fudge-Brownie.jpg?v=1702131620
EVOGEN,Isoject,1.97 lb,800,PEANUT BUTTER CANDY,https://m.media-amazon.com/images/I/61h6r-0CCoL._AC_SX679_.jpg
EVOGEN,Isoject,1.97 lb,800,S MORES,https://www.evogennutrition.com/cdn/shop/files/IsoJect_white_lid_Smores_front.png?v=1772732563&width=800
EVOGEN,Isoject,1.97 lb,800,STRAWBERRY SMOOTHIE,https://www.evogennutrition.com/cdn/shop/files/IsoJect_blue_renders_NO_BAND_2025_strawberry_smoothie_front.png?v=1772732563&width=800
EVOGEN,Isoject,1.97 lb,800,TIRAMISU,https://http2.mlstatic.com/D_Q_NP_661740-MLU76742134798_062024-O.webp
EVOGEN,Isoject,1.97 lb,800,VAINILLA BEAN,https://www.evogennutrition.com/cdn/shop/files/IsoJect_white_lid_Vanilla_Bean_Front.png?v=1772732563&width=800
EVOGEN,Isoject,1.97 lb,800,PUMPKIN SPICE,https://http2.mlstatic.com/D_NQ_NP_944117-MLA81513366019_122024-O.webp
EVOGEN,Isoject,1.97 lb,800,CHURRO,https://www.evogennutrition.com/cdn/shop/files/IsoJect_white_lid_Churro_Front.png?v=1772732563&width=800
EVOGEN,Isoject,1.97 lb,800,BIRTHDAY CAKE,https://i5.walmartimages.com/asr/0cfba46f-75c1-4cfd-bdbe-5a6281992ff5.390d728eebb85d3b994a0e66605e24a1.png?odnHeight=612&odnWidth=612&odnBg=FFFFFF
EVOGEN,Isoject,1.97 lb,800,CHOCO PEANUT- BANANA,https://www.evogennutrition.com/cdn/shop/files/IsoJect_Master_chocolate_PB_banana_front.png?v=1772732563&width=800
EVOGEN,Isoject,1.97 lb,800,ICED LEMON CAKE,https://http2.mlstatic.com/D_Q_NP_709183-MLA82705923905_022025-O.webp
EVOGEN,Isoject,1.97 lb,800,SALTED CARAMEL,https://www.evogennutrition.com/cdn/shop/files/IsoJect_Master_salted_caramel_front.png?v=1772732563&width=800
EVOGEN,Isoject,1.97 lb,800,SALTED PEANUT BUTTER CANDY,https://www.evogennutrition.com/cdn/shop/files/IsoJect_white_lid_SPBC_front.png?v=1772732563&width=800
EVOGEN,Isoject,1.97 lb,800,BLUEBERRY MUFFIN,https://www.evogennutrition.com/cdn/shop/files/IsoJect_Master_Blueberry_Muffin.png?v=1772732563&width=800
EVOGEN,Isoject,1.97 lb,800,VAINILLA COLD BREW COFFE,https://http2.mlstatic.com/D_NQ_NP_771649-MLA99939233193_112025-O.webp
EVOGEN,Isoject,1.97 lb,800,CHOCOLATE DUBAI,https://www.evogennutrition.com/cdn/shop/files/IsoJect_rendersNOBAND2025Dubaifront_3665a6d0-a022-419e-a0ae-1323c0e19505.png?v=1772732563&width=800
EVOGEN,Isoject,1.97 lb,800,APPLE TURNOVER,https://www.evogennutrition.com/cdn/shop/files/IsoJect_renders_NO_BAND_2025_APPLE_TURN_OVER_front.png?v=1772732563&width=800
EVOGEN,Isoject,1.97 lb,800,DONUT CHOCOLATE,https://www.evogennutrition.com/cdn/shop/files/IsoJect_renders_NO_BAND_2025_Chocolate_Donut_front.png?v=1772732563&width=1080
EVOGEN,Isoject,1.97 lb,800,RED VELVET,https://www.evogennutrition.com/cdn/shop/files/IsoJect_rendersNOBAND2026redvelvetfront.png?v=1772732563&width=800
EVOGEN,Isoject,4 lb,1375,CHOCOLATE,https://m.media-amazon.com/images/I/61LcZVXVORL._AC_SX679_.jpg
EVOGEN,Isoject,4 lb,1375,COOKIE,https://http2.mlstatic.com/D_NQ_NP_965713-MLA99584026188_122025-O.webp
EVOGEN,Isoject,4 lb,1375,CHOCOLATE PEANUT BUTTER,https://http2.mlstatic.com/D_NQ_NP_2X_621396-MLA99581429572_122025-F.webp
EVOGEN,Evofusion,4.6 lb,1100,CHOCOLATE PEANUT BUTTER,https://http2.mlstatic.com/D_Q_NP_621396-MLA99581429572_122025-O.webp
EVOGEN,Evofusion,4.6 lb,1100,CHOCOLATE SHAKE,https://www.viosupplements.com.mx/cdn/shop/products/EVOFUSIONPREMIUMSUSTAINEDPROTEINMATRIX.4.6LBS.CHOCOLATESHAKE_1024x1024.png?v=1629755773
EVOGEN,Evofusion,4.6 lb,1100,COOKIES and CREAM,https://www.health-shack.com/wp-content/uploads/2025/01/Evogen-EvoFusion-CookiesCream.jpg
EVOGEN,Evofusion,4.6 lb,1100,VAINILLA BEAN ICE CREAM,"https://m.media-amazon.com/images/I/61tZINLb23L._AC_UF1000,1000_QL80_.jpg"
EVOGEN,Evp 3d,40 sv,545,BLUEBERRY APPLE,https://m.media-amazon.com/images/I/71fklOACcGL._AC_SX679_.jpg
EVOGEN,Evp 3d,40 sv,545,PEACH RINGS,https://m.media-amazon.com/images/I/61C1FHsDZSL._AC_SX679_.jpg
EVOGEN,Evp 3d,40 sv,545,SOUR CANDY,https://m.media-amazon.com/images/I/81ZZorgpC3L._AC_SX679_.jpg
EVOGEN,Evp 3d,40 sv,545,SOUR WATERMELON,https://m.media-amazon.com/images/I/61VWwM9S7fL._AC_SX679_.jpg
EVOGEN,Evp 3d,40 sv,545,STRAWBERRY LEMONADE,https://m.media-amazon.com/images/I/811-SyN+25L._AC_SY300_SX300_QL70_ML2_.jpg
EVOGEN,Evp 3d,40 sv,545,JUICY GRAPE,https://m.media-amazon.com/images/I/818HuPdb9hL._AC_SX679_.jpg
EVOGEN,Evp 3d,40 sv,545,SMASHIN ORANGE,https://m.media-amazon.com/images/I/71ocOZ7nQXL._AC_SX679_.jpg
EVOGEN,Evp 3d,40 sv,545,ICED MOCHA COFFEE,https://http2.mlstatic.com/D_NQ_NP_2X_980267-MLA99504439472_112025-F.webp
EVOGEN,Evp 3d,40 sv,545,TROPICAL THUNDER,"https://m.media-amazon.com/images/I/71qAzz5CXrL._AC_UF1000,1000_QL80_.jpg"
EVOGEN,Evp 3d,40 sv,545,POLAR CHERRY FROST,https://i5.walmartimages.com/asr/2c23ae00-bab5-4baf-b400-2fefc0d41bbc.2d2beaf829623e99c68420d92de5509b.png?odnHeight=612&odnWidth=612&odnBg=FFFFFF
EVOGEN,Evp 3d,40 sv,545,VICTORY PUNCH,https://mrcandy.mx/cdn/shop/files/IMG-3864.png?v=1726695959
EVOGEN,Evp 3d,40 sv,545,GRAPE COTTON CANDY,https://suplementosmx.com/cdn/shop/files/D_NQ_NP_987874-MLA79663732167_092024-O_97dc613d-5148-4ce6-b3e0-172e7690569d_448x500.webp?v=1755182822
EVOGEN,Evp 3d,40 sv,545,CARAMEL FRAPE,https://bizweb.dktcdn.net/100/011/344/products/evogen-evp-3d-caramel-frappe-1.jpg?v=1768212759767
EVOGEN,Evp 3d,40 sv,545,PINK ROSE,https://suplementosmx.com/cdn/shop/files/EVPNOPinkRose3D2-27-23_1_1e0d9a3a-2363-4249-b9ca-e00429f77438_700x700.webp?v=1755182884
EVOGEN,Evp xtreme,40 sv,545,BLUEBERRY APPLE,"https://m.media-amazon.com/images/I/71CmoysgiYL._AC_UF1000,1000_QL80_.jpg"
EVOGEN,Evp xtreme,40 sv,545,CARAMEL FRAPE,https://http2.mlstatic.com/D_NQ_NP_877468-MLU77496767772_072024-O.webp
EVOGEN,Evp xtreme,40 sv,545,GRAPE COTTON CANDY,https://http2.mlstatic.com/D_Q_NP_856442-MLA99503543736_112025-O.webp
EVOGEN,Evp xtreme,40 sv,545,ICED MOCHA COFFEE,https://http2.mlstatic.com/D_NQ_NP_2X_878935-MLA99960277209_112025-F.webp
EVOGEN,Evp xtreme,40 sv,545,PEACH RINGS,https://http2.mlstatic.com/D_NQ_NP_788417-MLA99939146201_112025-O.webp
EVOGEN,Evp xtreme,40 sv,545,PINK ROSE,https://suplementosmx.com/cdn/shop/files/EVPNOPinkRose2-27-23_1_1200x1200.webp?v=1714402129
EVOGEN,Evp xtreme,40 sv,545,SMASHIN ORANGE,https://suplementosmty.com/cdn/shop/files/7F0554AE-E73B-48A5-BE64-132F47092A64_1800x1800.webp?v=1735935144
EVOGEN,Evp xtreme,40 sv,545,SOUR CANDY,https://suplementosmx.com/cdn/shop/files/EVPXtremeNO_SourCandy_0921_800x_f9361bbc-b556-479b-923c-09e574758529_654x700.webp?v=1740528278
EVOGEN,Evp xtreme,40 sv,545,SOUR WATERMELON,"https://m.media-amazon.com/images/I/91uheUNbR3L._AC_UF1000,1000_QL80_.jpg"
EVOGEN,Evp xtreme,40 sv,545,STRAWBERRY LEMONADE,https://m.media-amazon.com/images/I/61wcGwml4qL._AC_SX679_.jpg
EVOGEN,Evp xtreme,40 sv,545,TROPICAL THUNDER,https://m.media-amazon.com/images/I/61M754f5GlL._AC_SX679_.jpg
EVOGEN,Evp xtreme,40 sv,545,VICTORY PUNCH,"https://m.media-amazon.com/images/I/61Tv9xeaBoL._AC_UF1000,1000_QL80_.jpg"
EVOGEN,Evp xtreme,40 sv,545,POLAR CHERRY FROST,https://http2.mlstatic.com/D_NQ_NP_930544-MLA99496627830_112025-O.webp
EVOGEN,Evp xtreme,40 sv,545,JUICY GRAPE,https://http2.mlstatic.com/D_Q_NP_655765-MLA96284148974_102025-O.webp
EVOGEN,Evp xtreme,40 sv,545,CIITRUS CANDY,https://http2.mlstatic.com/D_Q_NP_637097-MLA99523536434_122025-O.webp
EVOGEN,Evp xtreme,40 sv,545,PATRIOT POP,https://http2.mlstatic.com/D_NQ_NP_659343-MLA96284086222_102025-O.webp
EVOGEN,Evp xtreme,40 sv,545,BLACKBERRY LEMONADE,https://http2.mlstatic.com/D_NQ_NP_696330-MLA96385650732_102025-O.webp
EVOGEN,Evp AQ Liquid,16 sv,500,-,"https://m.media-amazon.com/images/I/61OK3xSVgNL._AC_UF1000,1000_QL80_.jpg"
EVOGEN,Evp AQ Liquid,16 sv,500,SOUR APPLE,https://www.evogennutrition.com/cdn/shop/files/EVP_AQ_SQUARES_apple_front.png?v=1769788944&width=1080
EVOGEN,Evp AQ Liquid,16 sv,500,WATERMELON,"https://m.media-amazon.com/images/I/51HCidEnXNL._AC_UF1000,1000_QL80_.jpg"
EVOGEN,Evp AQ Liquid,16 sv,500,VICTORY PUNCH,https://http2.mlstatic.com/D_NQ_NP_843620-MLA99531229200_122025-O.webp
EVOGEN,Evp AQ Liquid,16 sv,500,TROPICAL THUNDER,https://suplementosmx.com/cdn/shop/files/EVP_Product_Amazon_Domestic_TT_700x700.webp?v=1762817303
EVOGEN,Evp AQ Liquid,16 sv,500,GRAPE,https://suplementosmx.com/cdn/shop/files/evpaqgrape1200x1200storefront_700x700.webp?v=1762817277
EVOGEN,Aminokem,30 sv,599,BLUEBERRY APPLE,https://http2.mlstatic.com/D_NQ_NP_874164-MLA99944010053_112025-O.webp
EVOGEN,Aminokem,30 sv,599,CRANBERRY POMEGRANADE,https://http2.mlstatic.com/D_NQ_NP_965941-MLA96289236016_102025-O.webp
EVOGEN,Aminokem,30 sv,599,GRAPE COTTON CANDY,https://m.media-amazon.com/images/I/81425Ove0OL.jpg
EVOGEN,Aminokem,30 sv,599,MUCH PUNCH,https://www.suplementosgym.com.mx/media/catalog/product/cache/2/image/2522abfce08318a7b04a0a39d7099381/e/v/evogen-amino-k.e.m.-471gr_1.jpg
EVOGEN,Aminokem,30 sv,599,PEACH MANGO,https://http2.mlstatic.com/D_NQ_NP_2X_731982-MLA103466282456_012026-F.webp
EVOGEN,Aminokem,30 sv,599,PINK ROSE,https://suplementosmx.com/cdn/shop/files/comprar_amino_k.e.m._pink-rose__aminoacidos_eaas_bcaas_suplementos_evogen_protein_depot_mexico_envios_express_gratis_700x700.webp?v=1723739736
EVOGEN,Aminokem,30 sv,599,RASPBERRY LEMONADE,https://www.naturesbody.com.mx/productos/m/1615072616-103.jpg
EVOGEN,Aminokem,30 sv,599,SMASHIN ORANGE,https://m.media-amazon.com/images/I/81H7nh5TmRL.jpg
EVOGEN,Aminokem,30 sv,599,SOUR CANDY,https://suplementosmx.com/cdn/shop/files/61UOGjRR_cL_0856ff1f-3971-44df-99bb-cd01b743e534_700x700.jpg?v=1711390595
EVOGEN,Aminokem,30 sv,599,TROPICAL THUNDER,https://http2.mlstatic.com/D_NQ_NP_691142-MLA99483619850_112025-O.webp
EVOGEN,Aminokem,30 sv,599,VICTORY PUNCH,https://i5.walmartimages.com/asr/df5b5cba-2a89-4248-80f8-0059b1ef9e70.baa61a3bec6c9a9a75a400d7a48b6467.png?odnHeight=612&odnWidth=612&odnBg=FFFFFF
EVOGEN,Aminokem,30 sv,599,SOUR WATERMELON,https://suplementosmx.com/cdn/shop/files/AminoKEMwatermelon-copy_1024x_f0d6cb89-f686-4412-a502-d0a10451075e_700x700.webp?v=1723740057
EVOGEN,Aminoject,30 sv,530,BLUE RASPBERRY,https://i5.walmartimages.com/asr/5e8d8de6-e207-4be9-9e1c-36f869e7ddd0.54466de4526d38697039837d49263249.jpeg
EVOGEN,Aminoject,30 sv,530,FRUIT PUNCH,https://http2.mlstatic.com/D_NQ_NP_797247-MLU79154719186_092024-O.webp
EVOGEN,Aminoject,30 sv,530,RASPBERRY LEMONADE,https://http2.mlstatic.com/D_NQ_NP_709627-MLA82919098437_032025-O.webp
EVOGEN,Aminoject,30 sv,530,WATERMELON,https://http2.mlstatic.com/D_NQ_NP_693964-MLA101183967466_122025-O.webp
EVOGEN,Aminoject,30 sv,530,STRAWBERRY MARGARITA,https://m.media-amazon.com/images/I/81DxmPOAaSL.jpg
EVOGEN,Lipocide IR,30 sv,375,FRUIT PUNCH,"https://m.media-amazon.com/images/I/61Hy6HnjS2L._AC_UF1000,1000_QL80_.jpg"
EVOGEN,Lipocide IR,30 sv,375,GRAPE,https://http2.mlstatic.com/D_NQ_NP_754745-MLA99418705962_112025-O.webp
EVOGEN,Lipocide IR,30 sv,375,TANGERINE,https://http2.mlstatic.com/D_NQ_NP_798877-MLA82051410989_012025-O.webp
EVOGEN,Lipocide IR,30 sv,375,WATERMELON,https://m.media-amazon.com/images/I/51B3v-sa53L.jpg
EVOGEN,Lipocide xtreme,60 cap,395,-,https://i5.walmartimages.com/asr/7af12b3f-c106-4d28-8829-1612ea365136.f2a111be23ac771078ca7442830db7af.png
EVOGEN,Evo burn,30 sv,630,ICED MOCHA,https://www.evogennutrition.com/cdn/shop/files/EVOBURNicedMochaCoffee.png?v=1771600549&width=800
EVOGEN,Evo burn,30 sv,630,MANGO,https://www.evogennutrition.com/cdn/shop/files/EVOBURN_MANGO.png?v=1738171690&width=800
EVOGEN,Evo burn,30 sv,630,ORANGE SUNRISE,https://www.evogennutrition.com/cdn/shop/files/9B7DA3C6-379A-4882-A5F4-F5C0FD06EF83.jpg?v=1738171690&width=800
EVOGEN,Evo burn,30 sv,630,STRAWBERRY LEMONADE,https://www.evogennutrition.com/cdn/shop/files/FB29DEDD-7762-4EEE-8C1C-8396174032E1.jpg?v=1771600549&width=800
EVOGEN,Evo burn,30 sv,630,VICTORY PUNCH,https://www.evogennutrition.com/cdn/shop/files/EVOBURN_render_25x_black_front.png?v=1771600549&width=800
EVOGEN,Evo burn,30 sv,630,GRAPE BLAST,https://www.evogennutrition.com/cdn/shop/files/EVOBURNrenderGrape_1.png?v=1732252028&width=800
EVOGEN,Evo burn,30 sv,630,VICTORY PUNCH,https://www.evogennutrition.com/cdn/shop/files/EVOBURN_CF_VP_render_25x_front.png?v=1771600801&width=800
EVOGEN,Super dry,45 cap,310,-,https://www.evogennutrition.com/cdn/shop/files/Superdry1123.png?v=1715087735&width=800
EVOGEN,Cla,90 cap,340,-,https://www.evogennutrition.com/cdn/shop/files/CLA_0624_bottle_1200x1200_984437be-d011-41b5-a92c-07dafec3074a.png?v=1757018184&width=800
EVOGEN,Carnigen,50 sv,370,-,https://www.evogennutrition.com/cdn/shop/files/Carnigennewbluetropicthunder1080.png?v=1722831481&width=800
EVOGEN,Cell kem,30 sv,545,RASPBERRY LEMONADE,https://www.evogennutrition.com/cdn/shop/files/CELLKEMPRwhitelidRASPLEM25.png?v=1749141685&width=800
EVOGEN,Cell kem,30 sv,545,WATERMELON,"https://m.media-amazon.com/images/I/61bXLMa3OZL._AC_UF1000,1000_QL80_.jpg"
EVOGEN,Creatine,60 sv,330,-,https://www.evogennutrition.com/cdn/shop/files/Essentials_Creatine_Unflavored_front_2024.png?v=1752092510&width=800
EVOGEN,Glutamine,60 sv,395,-,https://www.evogennutrition.com/cdn/shop/files/Essentials_Glutamine_26_Unflavored_front.png?v=1775169425&width=800
GAT,Omega 3,90 cap,340,-,https://m.media-amazon.com/images/I/71PZMXf3eYL.jpg
EVOGEN,Omega 3,90 cap,440,-,https://www.evogennutrition.com/cdn/shop/products/Omega0123.jpg?v=1681964819&width=800
EVOGEN,Liver longer,84 cap,540,-,https://www.evogennutrition.com/cdn/shop/files/Liver_Longer.png?v=1709740477&width=800
EVOGEN,Beta Alanine,60 sv,330,-,https://www.evogennutrition.com/cdn/shop/files/renderBetaAlaninerender02.jpg?v=1727985106&width=800
EVOGEN,Evovite,60 cap,530,-,https://www.evogennutrition.com/cdn/shop/files/Evovite60ct1023.jpg?v=1703120801&width=800
EVOGEN,Evogreens,30 sv,499,BERRY,https://www.evogennutrition.com/cdn/shop/files/Evogreens_Berry_Front23.png?v=1773679403&width=800
EVOGEN,Evogreens,30 sv,499,CHOCOLATE,https://www.evogennutrition.com/cdn/shop/files/evogreenchocolate0923_86acd17f-96e9-42d5-9da7-4620c0493414.png?v=1773679403&width=800
EVOGEN,Evogreens,30 sv,499,FRUIT PUNCH,https://www.evogennutrition.com/cdn/shop/files/Evogreens_FruitPunch0923front.jpg?v=1773679403&width=800
EVOGEN,Evozyme,60 cap,350,-,https://www.evogennutrition.com/cdn/shop/files/Evozyme0523.jpg?v=1704985087&width=800
EVOGEN,Probiotic,30 cap,540,-,https://www.evogennutrition.com/cdn/shop/files/ProbioticDR300523.jpg?v=1704983333&width=800
EVOGEN,Vitamina D3,60 cap,225,-,https://www.evogennutrition.com/cdn/shop/files/Vitamin_D3_24.png?v=1757018032&width=800
EVOGEN,Shaker,530 ml,120,-,https://www.evogennutrition.com/cdn/shop/files/ScreenShot2025-06-26at11.00.20AM.png?v=1751209470&width=800
GAT,Agmatine,100 sv,170,-,https://http2.mlstatic.com/D_NQ_NP_665690-MLA99395859428_112025-O.webp
GAT,PMP con estimulante,30 sv,300,FRUIT PUNCH,"https://cloudinary.images-iherb.com/image/upload/f_auto,q_auto:eco/images/gat/gat02397/l/24.jpg"
GAT,PMP con estimulante,30 sv,300,RASPBERRY LEMONADE,https://www.muscleandstrength.in/cdn/shop/products/41cjYiiATRL.jpg?v=1705731483&width=416
GAT,PMP sport sin estimulante,30 sv,300,Blue Rasp,"https://cloudinary.images-iherb.com/image/upload/f_auto,q_auto:eco/images/gat/gat65600/l/37.jpg"
GAT,PMP sport sin estimulante,30 sv,300,Green Apple,"https://cloudinary.images-iherb.com/image/upload/f_auto,q_auto:eco/ugc/20231010/f6287912-3dfa-4516-ad02-14f45b5d97e6/m.jpeg"
GAT,Nitraflex Black,20 sv,275,Green Apple,"https://m.media-amazon.com/images/I/61G+i3eZaIL.jpg_BO30,255,255,255_UF750,750_SR1910,1000,0,C_QL100_.jpg"
GAT,Nitraflex Black,20 sv,275,Strawberry Kiwi,https://http2.mlstatic.com/D_Q_NP_813785-MLU72632308656_112023-O.webp
GAT,Nitraflex Black,20 sv,275,Watermelon,https://http2.mlstatic.com/D_NQ_NP_863299-MLA99505804928_112025-O.webp
GAT,Plant Protein,25 sv,690,Banana Nut Bread,https://http2.mlstatic.com/D_NQ_NP_718215-MLA98197020862_112025-O.webp
GAT,Plant Protein,25 sv,690,Chocolate Hazelnut Graham Cracke,https://http2.mlstatic.com/D_NQ_NP_904253-MLA97961084161_112025-O.webp
GAT,Plant Protein,25 sv,690,Lemon Cake,https://http2.mlstatic.com/D_NQ_NP_877362-MLU75917061176_042024-O.webp
GAT,Plant Protein,25 sv,690,Pancakes & Syrup,https://http2.mlstatic.com/D_Q_NP_801466-MLA90131332997_082025-O.webp
GAT,NITRAFLEX WHEY,28 sv,560,CHOCOLATE,"https://m.media-amazon.com/images/I/513QSJATCNL._AC_UF350,350_QL80_.jpg"
GAT,NITRAFLEX WHEY,28 sv,560,VAINILLA,https://m.media-amazon.com/images/I/71p654J1KXL.jpg
GAT,Carbotein,50 sv,565,ORANGE,https://suplementosmx.com/cdn/shop/products/Carbotein-GAT-50-Servicios_5f5167bb-42b2-4175-b800-39ef2db659a5_375x652.png?v=1695054913
GAT,Carbotein,50 sv,565,GRAPE,https://m.media-amazon.com/images/I/61foNPJcD7S.jpg
GAT,Nitraflex KAOS,40 sv,360,BERRY LEMONADE,https://suplementosmx.com/cdn/shop/files/nitraflex-kaos-108817_700x700.webp?v=1724431270
GAT,Nitraflex KAOS,40 sv,360,WHITE CHERRY LEMONADE,"https://m.media-amazon.com/images/I/71EIKC4mftL._AC_UF1000,1000_QL80_.jpg"
GAT,PMP,30 sv,365,BLUE RASPBERRY,"https://cloudinary.images-iherb.com/image/upload/f_auto,q_auto:eco/images/gat/gat65600/l/37.jpg"
GAT,PMP,30 sv,365,Green Apple,https://http2.mlstatic.com/D_NQ_NP_722472-MLA108582863365_032026-O.webp
GAT,Arginine,180 tab,285,-,https://m.media-amazon.com/images/I/71GNmYrbCqL.jpg
GAT,Agmatine,100 sv,190,-,https://http2.mlstatic.com/D_Q_NP_2X_876700-MLA99469503638_112025-P.webp
GAT,Flex EAAs,30 sv,340,APPLE PEAR,https://suplementosmx.com/cdn/shop/files/D_NQ_NP_694719-MLU72116531831_102023-O_488x500.webp?v=1724171873
GAT,Flex EAAs,30 sv,340,BEACH BLAST,https://www.suplementosgym.com.mx/media/catalog/product/cache/2/image/2522abfce08318a7b04a0a39d7099381/g/a/gat-flexx-eaa-345gr.jpg
GAT,Flex EAAs,30 sv,340,ORANGE GUAVA,"https://cloudinary.images-iherb.com/image/upload/f_auto,q_auto:eco/images/gat/gat02247/l/86.jpg"
GAT,Flex EAAs,30 sv,340,FRUIT PUNCH,"https://m.media-amazon.com/images/I/71TyL2Rt44L._AC_UF1000,1000_QL80_.jpg"
GAT,Flex EAAs,30 sv,340,BLUE RAZ,https://http2.mlstatic.com/D_Q_NP_2X_937199-MLA95529495080_102025-P.webp
GAT,Flex EAAs,30 sv,340,STRAWBERRY MANGO,"https://cloudinary.images-iherb.com/image/upload/f_auto,q_auto:eco/images/gat/gat02248/y/24.jpg"
GAT,Caffeina,100 tab,165,-,"https://cloudinary.images-iherb.com/image/upload/f_auto,q_auto:eco/images/gat/gat02067/y/27.jpg"
GAT,Cla,90 cap,215,-,https://m.media-amazon.com/images/I/61biiGgEy-L.jpg
GAT,Carnitina,60 cap,220,-,"https://cloudinary.images-iherb.com/image/upload/f_auto,q_auto:eco/images/gat/gat02066/g/27.jpg"
GAT,Creatina,60 sv,299,-,https://http2.mlstatic.com/D_Q_NP_713378-MLA100025576411_122025-O.webp
GAT,Creatina,200 sv,550,-,https://i5.walmartimages.com/asr/ca5394da-ba88-461d-864d-85c905018251.63b33c1c6ddb02e6ea197a0ddd333244.jpeg
GAT,Liver Cleanse,60 cap,235,-,https://http2.mlstatic.com/D_NQ_NP_925079-MLM47486381836_092021-O.webp
GAT,Beta Alanine,100 sv,370,-,https://m.media-amazon.com/images/I/71wDh8mEgtL._AC_SX679_.jpg
GAT,Joint Support,REVISAR,290,-,https://i5.walmartimages.com/asr/86cd15ac-a727-4ac3-bb9d-0924a8030fd8.ee65df79983a9589e636317926912498.jpeg
GAT,Mens multi,60 tab,225,-,"https://cloudinary.images-iherb.com/image/upload/f_auto,q_auto:eco/images/gat/gat22006/g/50.jpg"
GAT,Mens multi,150 tab,399,-,"https://cloudinary.images-iherb.com/image/upload/f_auto,q_auto:eco/images/gat/gat02110/g/65.jpg"
GAT,Jetfuel Energy,12 pz,381,STRAWBERRY LEMONADE,https://m.media-amazon.com/images/I/71yBnO8vEJL._AC_SX679_.jpg
GAT,Jetfuel Energy,12 pz,381,TROPIC THUNDERBURST,https://m.media-amazon.com/images/I/71l4DfclNLL._AC_SX679_.jpg
GAT,Jetfuel Energy,12 pz,381,WATErmelon,https://m.media-amazon.com/images/I/71D4Ds6YbLL._AC_SX679_.jpg
GAT,Jetfuel Energy,12 pz,381,BLUE RASPBERRY,https://http2.mlstatic.com/D_NQ_NP_661445-MLA99892480169_112025-O.webp
GAT,Jetfuel Energy,12 pz,381,PEACH MANGO,https://http2.mlstatic.com/D_NQ_NP_608449-MLA99861914807_112025-O.webp
GHOST,WHEY PROTEIN,2 lb,670,CEREAL MILK,https://http2.mlstatic.com/D_Q_NP_2X_749627-MLA102284743257_122025-P.webp
GHOST,WHEY PROTEIN,2 lb,670,CINNABON,"https://m.media-amazon.com/images/I/71Gesmrig5L._AC_UF350,350_QL50_.jpg"
GHOST,WHEY PROTEIN,2 lb,670,COCONUT ICE CREAM,https://mrcandy.mx/cdn/shop/files/A6746595-E9CA-4277-9412-94ACFC94029C.webp?v=1744929049&width=1445
GHOST,WHEY PROTEIN,2 lb,670,FRUITY CEREAL MILK,https://http2.mlstatic.com/D_Q_NP_855508-MLA99505330950_112025-O.webp
GHOST,WHEY PROTEIN,2 lb,670,MILK CHOCOLATE,https://http2.mlstatic.com/D_Q_NP_960816-MLA99862541191_112025-O.webp
GHOST,WHEY PROTEIN,2 lb,670,PEANUT BUTTER CEREAL MILK,https://http2.mlstatic.com/D_Q_NP_2X_625175-MLA99466685646_112025-P.webp
GHOST,WHEY PROTEIN,2 lb,670,COFFEE ICE,https://m.media-amazon.com/images/I/71TxIbFJECL.jpg
GHOST,WHEY PROTEIN,2 lb,670,CHOCOLATE CHIP,https://http2.mlstatic.com/D_NQ_NP_932848-MLA99854997405_112025-O.webp
GHOST,WHEY PROTEIN,2 lb,670,CINNABON CARAMEL PECAN,https://musclefuelmalta.com/wp-content/uploads/2025/01/181377_source_1736331334.webp
GHOST,WHEY PROTEIN,2 lb,670,MARSHMALLOW CEREAL,https://http2.mlstatic.com/D_NQ_NP_749627-MLA102284743257_122025-O.webp
GHOST,WHEY PROTEIN,5 lb,1245,CHOCOLATE CHIP COOKIE,"https://cloudinary.images-iherb.com/image/upload/f_auto,q_auto:eco/images/ghs/ghs52886/l/8.jpg"
GHOST,WHEY PROTEIN,5 lb,1245,CINNABON,https://m.media-amazon.com/images/I/71uaRuINtVL.jpg
GHOST,PUMP,40 sv,485,PINEAPPLE,https://i5.walmartimages.com/asr/272d9fbd-2b17-427c-ac7f-17755f64bae4.0d2ae4216fb671a3c6cdb8a2337360a1.jpeg?odnHeight=612&odnWidth=612&odnBg=FFFFFF
GHOST,PUMP,40 sv,485,WARHEARDS SOUR WATERMELON,https://m.media-amazon.com/images/I/7194LWP5x6L._AC_SX679_.jpg
GHOST,PUMP,40 sv,485,NATTY,"https://m.media-amazon.com/images/I/71wo46GAUtL._AC_UF1000,1000_QL80_.jpg"
GHOST,PUMP,40 sv,485,PASSION FRUIT,https://http2.mlstatic.com/D_NQ_NP_832051-MLA96637951012_112025-O.webp
GHOST,Legend PWO,30 sv,580,BLUE RASPBERRY,"https://m.media-amazon.com/images/I/714WT3xTwpL._AC_UF1000,1000_QL80_.jpg"
GHOST,Legend PWO,30 sv,580,GRAPE,https://http2.mlstatic.com/D_NQ_NP_627427-MLA99554953886_122025-O.webp
GHOST,Legend PWO,30 sv,580,LEMON CRUSH,https://i5.walmartimages.com/asr/e22633bf-c12a-4d42-a9ba-9ebf2658208d.619a4981bc053130abf905204199c00a.png?odnHeight=612&odnWidth=612&odnBg=FFFFFF
GHOST,Legend PWO,30 sv,580,WARHEARDS WATERMELON,https://gnc.com.mx/media/catalog/product/1/4/141604870_01_01.jpg
GHOST,Legend PWO,30 sv,580,BUBBLICIOUS,"https://m.media-amazon.com/images/I/81yF4V9yz2L._AC_UF1000,1000_QL80_.jpg"
GHOST,Legend PWO,30 sv,580,SOUR STRIP RAINBOW,https://http2.mlstatic.com/D_NQ_NP_771087-MLA97611389471_112025-O.webp
GHOST,Hydration,24 stick,455,LEMON CRUSH,https://suplementosmx.com/cdn/shop/products/HydrationBagsLemonCrush_1024x1024.webp?v=1710356355
GHOST,BCAA,30 sv,390,LEMON CRUSH,https://m.media-amazon.com/images/I/71viHBf25OL.jpg
GHOST,BCAA,30 sv,390,Strawberry Kiwi,https://m.media-amazon.com/images/I/71XBcZqCBrL.jpg
GHOST,BCAA,30 sv,390,SOUR STRIP RAINBOW,https://http2.mlstatic.com/D_NQ_NP_791659-MLA109467386699_032026-O.webp
GHOST,Ghost energy,16 oz,50,CHERRY LIMEADE,https://drinkghost.com/cdn/shop/files/GHOST_ENERGY_CHERRYLIMEADE_Case.png
GHOST,Ghost energy,16 oz,50,CITRUS,https://drinkghost.com/cdn/shop/files/Citrus.png
GHOST,Ghost energy,16 oz,50,MERICA POP,https://drinkghost.com/cdn/shop/files/mericapopcase.png
GHOST,Ghost energy,16 oz,50,GRAPE,https://drinkghost.com/cdn/shop/files/DrinkGHOSTEnergyCase.webp
GHOST,Ghost energy,16 oz,50,ELECTRIC LIMEADE,https://drinkghost.com/cdn/shop/files/ElecLimeCases.webp
GHOST,Ghost energy,16 oz,50,ORANGE CREAM,https://drinkghost.com/cdn/shop/files/GHOST_ENERGY_ORANGECREAM_Case.png
GHOST,Ghost energy,16 oz,50,SOUR PINK LEMONADE,https://drinkghost.com/cdn/shop/files/GHOST_ENERGY_SOURPINKLEMONADE_Case.png
GHOST,Ghost energy,16 oz,50,TROPICAL MANGO,https://drinkghost.com/cdn/shop/files/GHOST_ENERGY_TROPICALMANGO_Case.png
GHOST,Ghost energy,16 oz,50,WARHEADS SOUR GREEN APPLE,https://drinkghost.com/cdn/shop/files/GHOST_ENERGY_WARHEADS_SOURGREENAPPLE_Case.png
GHOST,Ghost energy,16 oz,50,WARHEADS SOUR WATERMELON,https://drinkghost.com/cdn/shop/files/GHOST_ENERGY_WARHEADS_SOURWATERMELON_Case.png
GHOST,Ghost energy,16 oz,50,PEACHES,https://drinkghost.com/cdn/shop/files/PeachesCase.png
GHOST,Ghost energy,16 oz,50,ORIGINAL,https://drinkghost.com/cdn/shop/files/OGUKCase.webp
GHOST,Ghost energy,16 oz,50,STRAWBANGO,https://drinkghost.com/cdn/shop/files/EnergyStrawbangoCase.png
GHOST,Ghost energy,16 oz,50,RASPBERRY CREAM,https://drinkghost.com/cdn/shop/files/EnergyCaseRaspberryCream.webp
GHOST,Ghost energy,16 oz,50,SOUR STRIPS RAINBOW,https://drinkghost.com/cdn/shop/files/EnergyCasexSOURSTRIPS.png
GHOST,Ghost energy,16 oz,50,ICED TE LEMONADE,https://http2.mlstatic.com/D_NQ_NP_722837-MLA100264995103_122025-O.webp
GHOST,Shaker,800ml,285,-,https://www.ghostlifestyle.com/cdn/shop/products/IRShaker2_3de4280a-b795-4496-a4b9-12a95d9a89f4.png
Lenny & Larry's,The Complete Cookie,1 pz,36,BIRTHDAY CAKE,https://m.media-amazon.com/images/I/91+tfYhfc1L.jpg
Lenny & Larry's,The Complete Cookie,1 pz,36,CHOCOCHIP,"https://cloudinary.images-iherb.com/image/upload/f_auto,q_auto:eco/images/lll/lll83554/y/99.jpg"
Lenny & Larry's,The Complete Cookie,1 pz,36,CHOCOLATE MINT,https://www.healthysnacksolutions.com/cdn/shop/products/lennylarrys_mint_800x.jpg?v=1629229478
Lenny & Larry's,The Complete Cookie,1 pz,36,CHOCOLATE PEANUT BUTTER,https://proteinpackage.co.uk/cdn/shop/products/Lenny_Larry_s_Complete_Cookie_Peanut_Butter_Chocolate_Chip_113G_single_cookies_new_Protein_Package_Limited_Pick_and_Mix_UK_1024x1024.png?v=1613186729
Lenny & Larry's,The Complete Cookie,1 pz,36,DOBLE CHOCOLATE,"https://m.media-amazon.com/images/I/71WHydo7LML._AC_UF894,1000_QL80_.jpg"
Lenny & Larry's,The Complete Cookie,1 pz,36,OATMEAL RASIN,https://cdn11.bigcommerce.com/s-8klxh9o/images/stencil/1280x1280/products/550/20847/lenny-larrys_oatmeal-raisin_2022-cookie_vegan_protein-pick-mix_uk__64875.1756989808.png?c=3
Lenny & Larry's,The Complete Cookie,1 pz,36,PEANUT BUTTER,https://proteinpackage.co.uk/cdn/shop/products/Lenny_Larry_sCompleteCookiePeanutButter-113grams-ProteinPackage-PickandMix_1200x.png?v=1585970638
Lenny & Larry's,The Complete Cookie,1 pz,36,WHITE CHOCOLATE,https://m.media-amazon.com/images/I/81KUfE12YqL.jpg
Lenny & Larry's,The Complete Cookie,1 pz,36,SNICKERDOOBLE,"https://cloudinary.images-iherb.com/image/upload/f_auto,q_auto:eco/images/lll/lll83561/y/40.jpg"
Lenny & Larry's,The Complete Cookie,1 pz,36,PUMPKIN SPICE,https://i5.walmartimages.com/asr/1ae7a821-5b66-434b-8800-73eb55873a16.18112ab8e9dba98eec924e0569a5e965.jpeg
Lenny & Larry's,The Complete Cookie,1 pz,36,APPLE PIE,https://proteinpackage.co.uk/cdn/shop/files/Lenny-and-Larrys-Apple-Pie-Protein-Cookie-113g-Single_1200x.png?v=1720820233
Lenny & Larry's,The Complete Cookie,1 pz,36,LEMON POPPYSEED,https://m.media-amazon.com/images/I/91sAO9aQR3L.jpg
Lenny & Larry's,The Complete Cookie,1 pz,36,BIG TIME BROWNIE,"https://www.instacart.com/image-server/548x548/filters:fill(FFFFFF,true):format(jpg)/d2lnr5mha7bycj.cloudfront.net/product-image/file/large_6b6e539d-c9c5-449c-a4b6-1fecd833f467.png"
Lenny & Larry's,The Complete Cookie,1 pz,36,STRAWBERRY,https://proteinpackage.co.uk/cdn/shop/files/Lenny-and-Larrys-Strawberry-Shortcake-Complete-Protein-Cookies-1x113g_grande.png?v=1720818994
Lenny & Larry's,Complete Cremes,6 pz,33,Chocolate,"https://cloudinary.images-iherb.com/image/upload/f_auto,q_auto:eco/images/lll/lll72416/y/30.jpg"
Lenny & Larry's,Complete Cremes,6 pz,33,Vainilla,https://mrcandy.mx/cdn/shop/files/cremeecokie.png?v=1712942079&width=416
OPTIMUM NUTRITION,Hydrowhey,3.5 lb,1179,TURBO CHOCOLATE,"https://m.media-amazon.com/images/I/71JVlQmPiFL._AC_UF1000,1000_QL80_.jpg"
OPTIMUM NUTRITION,Hydrowhey,3.5 lb,1179,VELOCITY VAINILLA,https://i5.walmartimages.com/seo/Optimum-Nutrition-Platinum-Hydro-Whey-Protein-Powder-Velocity-Vanilla-3-52-lb-40-Servings_4bb169db-8010-40b0-a28f-c1891027be66.b60f15dd94437523ab19d473653801c9.jpeg
OPTIMUM NUTRITION,Gold Standard Whey,1.5 lb,520,DOBLE RICH CHOCOLATE,https://m.media-amazon.com/images/I/71gVk86GWDL.jpg
OPTIMUM NUTRITION,Gold Standard Whey,1.5 lb,520,Vainilla Ice Cream,https://m.media-amazon.com/images/I/71BFejouWCL._AC_SX679_.jpg
OPTIMUM NUTRITION,Gold Standard Whey,2 lb,650,XTREME MILK CHOCO,"https://cloudinary.images-iherb.com/image/upload/f_auto,q_auto:eco/images/opn/opn02413/y/72.jpg"
OPTIMUM NUTRITION,Gold Standard Whey,2 lb,650,MOCHA CAPUCHINO,https://i5.walmartimages.com/asr/fc05f563-66e2-4457-98c2-33d5c9117cb7.570282174049643a5204076554c12d77.png?odnHeight=612&odnWidth=612&odnBg=FFFFFF
OPTIMUM NUTRITION,Gold Standard Whey,2 lb,650,CHOCOLATE MALT,"https://cloudinary.images-iherb.com/image/upload/f_auto,q_auto:eco/images/opn/opn02232/y/50.jpg"
OPTIMUM NUTRITION,Gold Standard Whey,2 lb,650,ROCKY ROAD,https://i5.walmartimages.com/asr/1c5d3f79-db88-4f82-94ae-80f01040e87e.74cbb15133317edf1e7e1c45473fbc01.png
OPTIMUM NUTRITION,Gold Standard Whey,2 lb,650,FRUTTY CEREAL,"https://m.media-amazon.com/images/I/71UNAMMYqqL._AC_UF1000,1000_QL80_.jpg"
OPTIMUM NUTRITION,Gold Standard Whey,2 lb,650,CHOCOLATE HAZELNUT,"https://cloudinary.images-iherb.com/image/upload/f_auto,q_auto:eco/images/opn/opn06067/l/34.jpg"
OPTIMUM NUTRITION,Gold Standard Whey,2 lb,650,CHOCOLATE PEANUT,"https://cloudinary.images-iherb.com/image/upload/f_auto,q_auto:eco/images/opn/opn02919/l/50.jpg"
OPTIMUM NUTRITION,Gold Standard Whey,2 lb,650,CINNAMON ROLL,https://m.media-amazon.com/images/I/71iu0l9GM2L.jpg
OPTIMUM NUTRITION,Gold Standard Whey,2 lb,650,STRAWBERRY CREAM,https://gnc.com.mx/media/catalog/product/1/0/107206120_01_01.jpg
OPTIMUM NUTRITION,Gold Standard Whey,2 lb,650,DELICIOUS STRAWBERRY,"https://cloudinary.images-iherb.com/image/upload/f_auto,q_auto:eco/images/opn/opn02864/y/58.jpg"
OPTIMUM NUTRITION,Gold Standard Whey,2 lb,650,COOKIES,https://suplementosmx.com/cdn/shop/products/Capturadepantalla2023-05-25ala_s_11.21.21_99489017-267b-4c5a-b4b0-3f6e6c6b6385_411x700.png?v=1695054324
OPTIMUM NUTRITION,Gold Standard Whey,2 lb,650,STRAWBERRY BANANA,"https://cloudinary.images-iherb.com/image/upload/f_auto,q_auto:eco/images/opn/opn02987/l/57.jpg"
OPTIMUM NUTRITION,Gold Standard Whey,2 lb,650,DOUBLE RICH CHOCOLATE,https://http2.mlstatic.com/D_Q_NP_601513-MLA90213296452_082025-O.webp
OPTIMUM NUTRITION,Gold Standard Whey,2 lb,650,VAINILLA ICE CREAM,https://resources.sears.com.mx/medios-plazavip/mkt/60bf0d1a7dda3_vainillajpg.jpg?scale=500&qlty=75
OPTIMUM NUTRITION,Gold Standard Whey,2 lb,650,BANANA CREAM,"https://cloudinary.images-iherb.com/image/upload/f_auto,q_auto:eco/images/opn/opn02956/l/50.jpg"
OPTIMUM NUTRITION,Gold Standard Whey,2 lb,650,SMORES,https://product-media.cdn.t1.com/product/203691/2026/03/03/1772592350160_9cc21322.jpg
OPTIMUM NUTRITION,Gold Standard Whey,2 lb,650,CHOCOLATE MINT,https://m.media-amazon.com/images/I/71xpypx8-ZL.jpg
OPTIMUM NUTRITION,Gold Standard Whey,2 lb,650,CARAMEL MACCHIATO,https://product-media.cdn.t1.com/product/203691/2026/03/03/1772592334150_8ace52d7.jpg
OPTIMUM NUTRITION,Gold Standard Whey,2 lb,650,FRENCH VAINILLA,https://i5.walmartimages.com/seo/Optimum-Nutrition-Gold-Standard-100-Whey-Protein-Powder-French-Vanilla-Creme-2-lb-29-Servings_a3a1bef0-55d4-48e4-993e-2e1c59a6423c.7c4e2bf70176f6efffe5cc622e691586.jpeg?odnHeight=768&odnWidth=768&odnBg=FFFFFF
OPTIMUM NUTRITION,Gold Standard Whey,5 lb,1220,XTREME MILK CHOCO,"https://cloudinary.images-iherb.com/image/upload/f_auto,q_auto:eco/images/opn/opn02414/y/53.jpg"
OPTIMUM NUTRITION,Gold Standard Whey,5 lb,1220,MOCHA CAPUCHINO,"https://cloudinary.images-iherb.com/image/upload/f_auto,q_auto:eco/images/opn/opn02623/y/44.jpg"
OPTIMUM NUTRITION,Gold Standard Whey,5 lb,1220,CHOCOLATE MALT,"https://cloudinary.images-iherb.com/image/upload/f_auto,q_auto:eco/images/opn/opn02234/y/63.jpg"
OPTIMUM NUTRITION,Gold Standard Whey,5 lb,1220,ROCKY ROAD,"https://cloudinary.images-iherb.com/image/upload/f_auto,q_auto:eco/images/opn/opn02789/y/61.jpg"
OPTIMUM NUTRITION,Gold Standard Whey,5 lb,1220,Strawberry banana,"https://cloudinary.images-iherb.com/image/upload/f_auto,q_auto:eco/images/opn/opn02986/y/56.jpg"
OPTIMUM NUTRITION,Gold Standard Whey,5 lb,1220,Coffee,"https://cloudinary.images-iherb.com/image/upload/f_auto,q_auto:eco/images/opn/opn02721/y/53.jpg"
OPTIMUM NUTRITION,Gold Standard Whey,5 lb,1220,CHOCOLATE coconut,https://i5.walmartimages.com/asr/7f1607a2-7e66-4101-9312-bd7c251abe43.4ab86f654efe28a52adfaca1f75b23fa.jpeg
OPTIMUM NUTRITION,Gold Standard Whey,5 lb,1220,chocolate peanut,https://http2.mlstatic.com/D_NQ_NP_871504-MLA99994210583_112025-O.webp
OPTIMUM NUTRITION,Gold Standard Whey,5 lb,1220,STRAWBERRY CREAM,"https://cloudinary.images-iherb.com/image/upload/f_auto,q_auto:eco/images/opn/opn06204/y/50.jpg"
OPTIMUM NUTRITION,Gold Standard Whey,5 lb,1220,DELICIOUS STRAWBERRY,"https://cloudinary.images-iherb.com/image/upload/f_auto,q_auto:eco/images/opn/opn02869/y/69.jpg"
OPTIMUM NUTRITION,Gold Standard Whey,5 lb,1220,COOKIES,"https://cloudinary.images-iherb.com/image/upload/f_auto,q_auto:eco/images/opn/opn02868/y/63.jpg"
OPTIMUM NUTRITION,Gold Standard Whey,5 lb,1220,STRAWBERRY BANANA,"https://cloudinary.images-iherb.com/image/upload/f_auto,q_auto:eco/images/opn/opn02986/y/56.jpg"
OPTIMUM NUTRITION,Gold Standard Whey,5 lb,1220,DOUBLE RICH CHOCOLATE,https://m.media-amazon.com/images/I/71nMcaRp7tL._AC_SL1500_.jpg
OPTIMUM NUTRITION,Gold Standard Whey,5 lb,1220,VAINILLA ICE CREAM,"https://cloudinary.images-iherb.com/image/upload/f_auto,q_auto:eco/images/opn/opn02870/y/85.jpg"
OPTIMUM NUTRITION,Gold Standard Whey,5 lb,1220,BANANA CREAM,"https://cloudinary.images-iherb.com/image/upload/f_auto,q_auto:eco/images/opn/opn02957/y/53.jpg"
OPTIMUM NUTRITION,Gold Standard Whey,5 lb,1220,SMORES,https://suplementosmty.com/cdn/shop/files/E0B39CD9-0B76-4DBA-8EE5-365F7FFC37BB.jpg?v=1749770825&width=1080
OPTIMUM NUTRITION,Gold Standard Whey,5 lb,1220,CHOCOLATE MINT,"https://cloudinary.images-iherb.com/image/upload/f_auto,q_auto:eco/images/opn/opn02867/y/65.jpg"
OPTIMUM NUTRITION,Gold Standard Whey,5 lb,1220,White chocolate,"https://cloudinary.images-iherb.com/image/upload/f_auto,q_auto:eco/images/opn/opn02629/y/52.jpg"
OPTIMUM NUTRITION,Gold Standard Whey,5 lb,1220,FRENCH VAINILLA,"https://cloudinary.images-iherb.com/image/upload/f_auto,q_auto:eco/images/opn/opn02412/y/37.jpg"
OPTIMUM NUTRITION,Gold Standard Isolate,5 lb,1445,Vainilla,https://http2.mlstatic.com/D_Q_NP_955810-MLA99485214122_112025-O.webp
OPTIMUM NUTRITION,Gold Standard Isolate,5 lb,1445,Chocolate,"https://m.media-amazon.com/images/I/71yR1nfqaCL._AC_UF1000,1000_QL80_.jpg"
OPTIMUM NUTRITION,Amino Energy,30 sv,335,CONCORD GRAPE,"https://m.media-amazon.com/images/I/81uX3d1UrXL._AC_UF1000,1000_QL80_.jpg"
OPTIMUM NUTRITION,Amino Energy,30 sv,335,FRUIT FUSION,https://http2.mlstatic.com/D_NQ_NP_735490-MLA100012294961_122025-O.webp
OPTIMUM NUTRITION,Amino Energy,30 sv,335,BLUE RASPBERRY,https://gnc.com.mx/media/catalog/product/1/4/141604562_a.jpg
OPTIMUM NUTRITION,Amino Energy,30 sv,335,CITRUS,https://i5.walmartimages.com/asr/e8b928fc-0569-4e80-9a51-75c91fa944b9.c5a691b9faca9e848b7011bfc214c047.jpeg?odnHeight=640&odnWidth=640&odnBg=FFFFFF
OPTIMUM NUTRITION,Amino Energy,30 sv,335,GREEN APPLE,"https://cloudinary.images-iherb.com/image/upload/f_auto,q_auto:eco/images/opn/opn05170/l/36.jpg"
OPTIMUM NUTRITION,Amino Energy,30 sv,335,STRAWBERRY LIME,https://i5.walmartimages.com/asr/e8b928fc-0569-4e80-9a51-75c91fa944b9.c5a691b9faca9e848b7011bfc214c047.jpeg?odnHeight=640&odnWidth=640&odnBg=FFFFFF
OPTIMUM NUTRITION,Amino Energy,30 sv,335,JUICY STRAWBERRY,https://i5.walmartimages.com/asr/9d5e1ea1-e77e-4c33-9609-d2c0ccd833fc.aed5505a2c63e0a6c3b10abd968427f0.jpeg?odnHeight=612&odnWidth=612&odnBg=FFFFFF
OPTIMUM NUTRITION,Amino Energy,30 sv,335,BLUEBERRY LEMONADE,https://cdn5.coppel.com/mkp/258151444-1.jpg
OPTIMUM NUTRITION,Amino Energy,30 sv,335,WATERMELON,"https://m.media-amazon.com/images/I/61OrkmWD3TL._AC_UF1000,1000_QL80_.jpg"
OPTIMUM NUTRITION,Amino Energy,30 sv,335,BLUEBERRY MOJITO,"https://m.media-amazon.com/images/I/81Wc36NzOeL._AC_UF1000,1000_QL80_.jpg"
OPTIMUM NUTRITION,Amino Energy,30 sv,335,WILD BERRY,"https://m.media-amazon.com/images/I/71J+yVCIeWL._AC_UF1000,1000_QL80_.jpg"
OPTIMUM NUTRITION,Amino Energy,30 sv,335,ORANGE,"https://m.media-amazon.com/images/I/81haBDpAOdL._AC_UF1000,1000_QL80_.jpg"
OPTIMUM NUTRITION,Amino Energy,30 sv,335,TROPICAL SUNRISE,"https://cloudinary.images-iherb.com/image/upload/f_auto,q_auto:eco/images/opn/opn06906/y/8.jpg"
OPTIMUM NUTRITION,Amino Energy,30 sv,335,PEACH MANGO,https://i5.walmartimages.com/asr/16d77a89-0441-48dd-9392-575264ee654e.88724da36b95187ed9c240c18d60b580.jpeg
OPTIMUM NUTRITION,Amino Energy,30 sv,335,RAINBOW SHERBET,https://i5.walmartimages.com/asr/fc13869a-3846-4990-8705-23d52952ce8c.17bbd1464a73e3e316ca011496d3cb89.jpeg?odnHeight=612&odnWidth=612&odnBg=FFFFFF
OPTIMUM NUTRITION,Gold Standard Casein,4lb,120,Chocolate supreme,https://http2.mlstatic.com/D_Q_NP_855688-MLU72612724939_112023-O.webp
OPTIMUM NUTRITION,Gold Standard Casein,4lb,120,Cookies and cream,"https://m.media-amazon.com/images/I/71gk2z736nL._AC_UF1000,1000_QL80_.jpg"
OPTIMUM NUTRITION,Gold Standard Casein,4lb,120,Creamy vainilla,"https://cloudinary.images-iherb.com/image/upload/f_auto,q_auto:eco/images/opn/opn02418/l/29.jpg"
OPTIMUM NUTRITION,Gold Standard Casein,4lb,120,Chocolate Peanut,"https://cloudinary.images-iherb.com/image/upload/f_auto,q_auto:eco/images/opn/opn02628/l/25.jpg"
OPTIMUM NUTRITION,Amino energy + electrolytes,30 sv,360,PINEAPPLE,"https://cloudinary.images-iherb.com/image/upload/f_auto,q_auto:eco/images/opn/opn06051/g/34.jpg"
OPTIMUM NUTRITION,Amino energy + electrolytes,30 sv,360,Strawberry,"https://cloudinary.images-iherb.com/image/upload/f_auto,q_auto:eco/images/opn/opn05914/g/50.jpg"
OPTIMUM NUTRITION,Amino energy + electrolytes,30 sv,360,TANGERINE,https://i5.walmartimages.com/asr/79c74978-7010-4110-8837-a28f342ddaee.db533652f7045065702c481007b62f40.jpeg?odnHeight=612&odnWidth=612&odnBg=FFFFFF
OPTIMUM NUTRITION,Amino energy + electrolytes,30 sv,360,Sun Kissed Citrus,"https://m.media-amazon.com/images/I/71h+3UFfXVL._AC_UF894,1000_QL80_.jpg"
OPTIMUM NUTRITION,Amino energy + electrolytes,30 sv,360,WATERMELON,"https://cloudinary.images-iherb.com/image/upload/f_auto,q_auto:eco/images/opn/opn02667/g/55.jpg"
OPTIMUM NUTRITION,Amino energy,65 sv,575,Concord Grape,https://m.media-amazon.com/images/I/81MuFhvomyL._AC_SX679_.jpg
OPTIMUM NUTRITION,Amino energy,65 sv,575,WATERMELON,https://gnc.com.mx/media/catalog/product/1/4/141604564_a_1.jpg
OPTIMUM NUTRITION,Amino energy,65 sv,575,Orange,"https://m.media-amazon.com/images/I/81haBDpAOdL._AC_UF1000,1000_QL80_.jpg"
OPTIMUM NUTRITION,Amino energy,65 sv,575,GREEN APPLE,"https://cloudinary.images-iherb.com/image/upload/f_auto,q_auto:eco/images/opn/opn05170/l/36.jpg"
OPTIMUM NUTRITION,Amino energy,65 sv,575,BLUE RASPBERRY,https://i5.walmartimages.com/asr/708dce3c-cf8b-462b-9048-36f21e5194a1.4452ab5c458f32607ee2764506f8bc88.jpeg?odnHeight=612&odnWidth=612&odnBg=FFFFFF
OPTIMUM NUTRITION,Amino energy,65 sv,575,Citrus Sprits,"https://cloudinary.images-iherb.com/image/upload/f_auto,q_auto:eco/images/opn/opn06905/l/8.jpg"
OPTIMUM NUTRITION,Amino energy,65 sv,575,Fruit Fusion,https://m.media-amazon.com/images/I/61SOvxtS9fL._AC_SX679_.jpg
OPTIMUM NUTRITION,Amino energy,65 sv,575,Tropical SUNRISE,https://www.suplementosgym.com.mx/media/catalog/product/cache/2/image/600x/2522abfce08318a7b04a0a39d7099381/o/p/optimun-amino-energy-30servings_1.jpg
RAW,Isolate CBUM,25 sv,760,BIRTHDAY CAKE,"https://m.media-amazon.com/images/I/71HBzqFOu9L._AC_UF350,350_QL50_.jpg"
RAW,Isolate CBUM,25 sv,760,CHOCOLATE PEANUT,"https://m.media-amazon.com/images/I/71XhoCiHA5L._AC_UF1000,1000_QL80_.jpg"
RAW,Isolate CBUM,25 sv,760,FROSTED FRENCHIE COOKIE,https://getfit.mx/cdn/shop/files/52_14f8857a-ef02-421a-99d5-f6f77f93c5f6.png
RAW,Isolate CBUM,25 sv,760,FROTH TED HOT COCOA,https://http2.mlstatic.com/D_Q_NP_799001-MLA99544608086_122025-O.webp
RAW,Isolate CBUM,25 sv,760,GINGERBREAD,https://theshack.com.mx/cdn/shop/files/600x600_89c7cd96-5142-4960-90ac-05976e764fe8.png?v=1718247329&width=1024
RAW,Isolate CBUM,25 sv,760,GRANDMA APPLE PIE,https://m.media-amazon.com/images/I/51fr1bvHIlL._AC_.jpg
RAW,Isolate CBUM,25 sv,760,MAPLE WAFFLE,https://m.media-amazon.com/images/I/71Wywo63e9L.jpg
RAW,Isolate CBUM,25 sv,760,MILK AND COOKIES,"https://m.media-amazon.com/images/I/71VGVMy3r+L._AC_UF1000,1000_QL80_.jpg"
RAW,Isolate CBUM,25 sv,760,MINT CHIP,https://m.media-amazon.com/images/I/614URqxX+NL.jpg
RAW,Isolate CBUM,25 sv,760,STRAWBERRY BUMCAKE,https://http2.mlstatic.com/D_Q_NP_716748-MLA99523455432_122025-O.webp
RAW,Isolate CBUM,25 sv,760,VAINILLA OATMEAL,https://http2.mlstatic.com/D_Q_NP_970127-MLA99989798759_112025-O.webp
RAW,Isolate CBUM,25 sv,760,CHURRO,https://http2.mlstatic.com/D_Q_NP_700161-MLA100049678311_122025-O.webp
RAW,Isolate CBUM,25 sv,760,BLUEBERRY MUFFIN,https://http2.mlstatic.com/D_NQ_NP_715535-MLM84468986910_052025-O.webp
RAW,Isolate CBUM,25 sv,760,CHOCO/ PEPPERMINT,https://http2.mlstatic.com/D_NQ_NP_951183-MLA99938278055_112025-O.webp
RAW,Isolate CBUM,25 sv,760,TOATH TED GRAHAM,https://i5.walmartimages.com/asr/db802565-bf05-4e00-8278-5ed4482d28d5.8e6750a50039379cf491b74e732a6598.png?odnHeight=612&odnWidth=612&odnBg=FFFFFF
RAW,Isolate CBUM,25 sv,760,KEY LIME PIE,https://http2.mlstatic.com/D_Q_NP_943813-MLA101658540453_122025-O.webp
RAW,Isolate CBUM,25 sv,760,MOCHA LATTE,https://m.media-amazon.com/images/I/71ixMuYsVKL.jpg
RAW,Isolate CBUM,25 sv,760,RAINBOW SHEER BET,https://i.ebayimg.com/images/g/vvEAAeSwlL9ocMGn/s-l1600.webp
RAW,Isolate CBUM,25 sv,760,CINNAMON CRUNCH,"https://m.media-amazon.com/images/I/41AkO3z0bkL._AC_UF1000,1000_QL80_.jpg"
RAW,Isolate CBUM,25 sv,760,DUBAI PISTACHO,https://i5.walmartimages.com/asr/a94f215b-acd4-429f-8b7a-43a55d56f151.9ca8ebad86be765e4e8775958058a08a.png
RAW,Isolate CBUM,25 sv,760,PAN DE MUERTO,https://getrawnutrition.mx/cdn/shop/files/CBUM-itholate_25_serv_-_Pan_de_Muerto_-_front.png
RAW,Isolate CBUM,25 sv,760,PIÑA COLADA,https://http2.mlstatic.com/D_NQ_NP_980401-MLA91942300501_092025-O.webp
RAW,Isolate CBUM,25 sv,760,CHAMPION MENTALITY,https://http2.mlstatic.com/D_Q_NP_966140-MLA99922268365_112025-O.webp
RAW,Isolate CBUM,25 sv,760,LEMON CAKE,https://http2.mlstatic.com/D_Q_NP_746811-MLA100747883927_122025-O.webp
RAW,Isolate CBUM,25 sv,760,FUDGE BROWNIE,https://http2.mlstatic.com/D_NQ_NP_2X_974708-MLA99969880413_112025-F.webp
RAW,Isolate CBUM,25 sv,760,PECAN,https://http2.mlstatic.com/D_NQ_NP_887864-MLA101658493737_122025-O.webp
RAW,Isolate CBUM,25 sv,760,HORCHATA,https://i5.walmartimages.com/asr/2d430e2d-1ae8-4584-8662-2391b8bbd777.16581bf55a65619f9854e571041b25ac.jpeg?odnHeight=612&odnWidth=612&odnBg=FFFFFF
RAW,Isolate CBUM,25 sv,760,RED VELVET,https://getrawnutrition.mx/cdn/shop/files/CBUM_-_Itholate_-_Red_Velvet.png?v=1758918029
RAW,Isolate CBUM,25 sv,760,PUMKIN CHEESECAKE,https://http2.mlstatic.com/D_NQ_NP_2X_967786-MLA101182732832_122025-F.webp
RAW,Isolate CBUM,25 sv,760,COLD BREW,"https://m.media-amazon.com/images/I/71Xe-WOJEbL._AC_UF1000,1000_QL80_.jpg"
RAW,Isolate CBUM,25 sv,760,UBE ICE CREAM,https://i5.walmartimages.com/asr/b84e4293-7900-488e-ac1e-5dbac0edaaf4.4cae425220c0b98ee4d5ca044070ec4b.png
RAW,Isolate CBUM,5 lb,1550,CHOCOLATE,https://http2.mlstatic.com/D_NQ_NP_2X_860361-MLA99966886831_112025-F.webp
RAW,Isolate CBUM,5 lb,1550,CINNAMON CRUNCH,https://http2.mlstatic.com/D_NQ_NP_771360-MLA99953325639_112025-O.webp
RAW,Isolate CBUM,5 lb,1550,VAINILLA OATMEAL,https://http2.mlstatic.com/D_Q_NP_2X_816026-MLA99563316898_122025-P.webp
RAW,Isolate CBUM,5 lb,1550,Cookies and cream,"https://m.media-amazon.com/images/I/516z3e9r-bL._AC_UF1000,1000_QL80_.jpg"
RAW,Isolate CBUM,5 lb,1550,VAINILLA,https://i5.walmartimages.com/asr/b371e641-79bc-470d-8742-7283604a03ea.b3fe78de5f5d7c0def86aca73afb9e74.jpeg?odnHeight=612&odnWidth=612&odnBg=FFFFFF
RAW,Isolate CBUM,5 lb,1550,MAPLE WAFFLE,https://http2.mlstatic.com/D_NQ_NP_775226-MLM89763379250_082025-O.webp
RAW,Isolate CBUM,5 lb,1550,CHURRO,https://http2.mlstatic.com/D_NQ_NP_830561-MLA99505089388_112025-O.webp
RAW,Isolate CBUM,5 lb,1550,DUBAI PISTACHO,https://http2.mlstatic.com/D_NQ_NP_2X_741390-MLA99948066065_112025-F.webp
RAW,Isolate CBUM,5 lb,1550,PAN DE MUERTO,https://http2.mlstatic.com/D_Q_NP_848157-MLA99938940279_112025-O.webp
RAW,Isolate CBUM,5 lb,1550,HORCHATA,https://http2.mlstatic.com/D_NQ_NP_936188-MLA98635747927_112025-O.webp
RAW,Whey CBUM,5 lb,1230,CHOCOLATE,https://getrawnutrition.mx/cdn/shop/files/5lb-Whey_blend-Chocolate-Front.png?v=1743540905
RAW,Whey CBUM,5 lb,1230,Cookies and cream,"https://m.media-amazon.com/images/I/51j7E+SfOZL._AC_UF350,350_QL80_.jpg"
RAW,Whey CBUM,5 lb,1230,VAINILLA,"https://m.media-amazon.com/images/I/41Pa6v7UeaL._AC_UF350,350_QL80_.jpg"
RAW,Intra workout,30 sv,600,Lemon Lime,https://http2.mlstatic.com/D_Q_NP_891248-MLA99952084525_112025-O.webp
RAW,Intra workout,30 sv,600,Tropical punch,https://cdn11.bigcommerce.com/s-ym6ogiuxic/images/stencil/1280x1280/products/1422/2442/52f467984681c54aa2011743fcf98c6312b43d99__45589.1627878982.png?c=1?imbypass=on
RAW,Cbum thuper thavage,20 sv,630,white cherry,https://http2.mlstatic.com/D_NQ_NP_854661-MLA99987883567_112025-O.webp
RAW,Cbum thuper thavage,20 sv,630,Citrus Grapefruit,https://theshack.com.mx/cdn/shop/files/thuper_thavage_raw.jpg?v=1718306353&width=1024
RAW,Cbum thuper thavage,20 sv,630,Jamaica,https://http2.mlstatic.com/D_NQ_NP_852446-MLA99496738624_112025-O.webp
RAW,Cbum thuper thavage,20 sv,630,Tamarindo,https://http2.mlstatic.com/D_Q_NP_625346-MLA99967908377_112025-O.webp
RAW,Cbum thuper thavage,20 sv,630,6 Peat,https://http2.mlstatic.com/D_NQ_NP_708820-MLM83179355484_042025-O.webp
RAW,Cbum thuper thavage,20 sv,630,Cherry Berry,https://getrawnutrition.mx/cdn/shop/files/Thuper_Thavage_Cherry_Berry_Front.png?v=1747080796
RAW,Cbum thuper thavage,20 sv,630,CHAMPION MENTALITY,https://http2.mlstatic.com/D_Q_NP_788278-MLA101680659555_122025-O.webp
RAW,Cbum thuper thavage,20 sv,630,Arctic Berry,https://getrawnutrition.mx/cdn/shop/files/Thuper_Thavage_-_arctic_berry_-_front.png?v=1765474705
RAW,Cbum thuper thavage,20 sv,630,Cotton Candy,https://http2.mlstatic.com/D_NQ_NP_651350-MLA101659879819_122025-O.webp
RAW,Cbum thuper thavage,20 sv,630,WATERMELON GRAPE,"https://cloudinary.images-iherb.com/image/upload/f_auto,q_auto:eco/images/rws/rws04356/l/8.jpg"
RAW,Cbum thavage,40 sv,520,5 PEAT,https://http2.mlstatic.com/D_NQ_NP_810229-MLA99502983224_112025-O.webp
RAW,Cbum thavage,40 sv,520,BLACKBERRY LEMONADE,https://http2.mlstatic.com/D_NQ_NP_667080-MLA100071023705_122025-O.webp
RAW,Cbum thavage,40 sv,520,BLUE RASPBERRY,https://http2.mlstatic.com/D_NQ_NP_883298-MLA100062297651_122025-O.webp
RAW,Cbum thavage,40 sv,520,CHRISTOPHER SECRET STUFF,https://http2.mlstatic.com/D_NQ_NP_858646-MLU75761024083_042024-O.webp
RAW,Cbum thavage,40 sv,520,DRAGON FRUIT,https://http2.mlstatic.com/D_Q_NP_721113-MLA99988571683_112025-O.webp
RAW,Cbum thavage,40 sv,520,LEMON LIME,https://http2.mlstatic.com/D_NQ_NP_716245-MLA101682900305_122025-O.webp
RAW,Cbum thavage,40 sv,520,LEMONADE,https://m.media-amazon.com/images/I/71Ew4ALLqnL.jpg
RAW,Cbum thavage,40 sv,520,RASPBERRY LEMONADE,https://m.media-amazon.com/images/I/71hfoj7WOcL.jpg
RAW,Cbum thavage,40 sv,520,ROCKET CANDY,"https://m.media-amazon.com/images/I/519G547kdrL._AC_UF1000,1000_QL80_.jpg"
RAW,Cbum thavage,40 sv,520,SOUR WATERMELON,https://http2.mlstatic.com/D_NQ_NP_915447-MLA99452701884_112025-O.webp
RAW,Cbum thavage,40 sv,520,SOUTH BEACH SLUSH,https://http2.mlstatic.com/D_Q_NP_817290-MLA99457115392_112025-O.webp
RAW,Cbum thavage,40 sv,520,JAMAICA,https://http2.mlstatic.com/D_Q_NP_715760-MLA99995657443_112025-O.webp
RAW,Cbum thavage,40 sv,520,TAMARINDO,https://http2.mlstatic.com/D_NQ_NP_934794-MLA83004757887_032025-O.webp
RAW,Cbum thavage,40 sv,520,6 PEAT,https://http2.mlstatic.com/D_NQ_NP_742012-MLM92323757100_092025-O.webp
RAW,Cbum thavage,40 sv,520,PEACH BUM,"https://m.media-amazon.com/images/I/51c5sGH-XVL._AC_UF1000,1000_QL80_.jpg"
RAW,Cbum thavage,40 sv,520,CHAMPION MENTALITY,https://http2.mlstatic.com/D_NQ_NP_645927-MLA101685903243_122025-O.webp
RAW,Cbum thavage,40 sv,520,CHAMOY MANGO,https://http2.mlstatic.com/D_Q_NP_840723-MLA103991248940_012026-O.webp
RAW,Cbum thavage,40 sv,520,LIONS BLOOD,https://http2.mlstatic.com/D_NQ_NP_846409-MLA93546925666_102025-O.webp
RAW,Cbum Essential PERFORMANCE,25 sv,415,SOUR WATERMELON,https://getrawnutrition.mx/cdn/shop/files/Essential_Performance-Sour-Watermelon-front.png?v=1747082969
RAW,Cbum Essential PERFORMANCE,25 sv,415,CITRUS GRAPEFRUIT,https://getrawnutrition.mx/cdn/shop/files/Essential_Performance-Citrus-Grapefruit-front_2048x.png?v=1747083004
RAW,Cbum Essential PERFORMANCE,25 sv,415,BLUE RATHBERRY,https://getrawnutrition.mx/cdn/shop/files/Essential_Performance-Blue-Rathberry-front.png?v=1747082985
RAW,Cbum Essential PERFORMANCE,25 sv,415,STRAWBERRY KIWI,https://getrawnutrition.mx/cdn/shop/files/essential_performance_-_strawberry_kiwi_-_front.png?v=1747083017
RAW,Cbum Essential PERFORMANCE,25 sv,415,BLUEBERRY LEMONADE,https://http2.mlstatic.com/D_Q_NP_647362-MLA84315103556_052025-O.webp
RAW,Cbum Essential PERFORMANCE,25 sv,415,ICY LEMON SLUSH,https://i5.walmartimages.com/asr/d5d745cf-201f-4409-a541-92b6b31b5bf4.44c25a038059a4c8c84eec37e9e7c28e.png?odnHeight=612&odnWidth=612&odnBg=FFFFFF
RAW,Cbum Essential PERFORMANCE,25 sv,415,CHAMPION MENTALITY,https://getrawnutrition.mx/cdn/shop/files/essential_performance_-_champion_mentality_2048x.png?v=1758917343
RAW,Cbum Essential CHARGED,25 sv,385,BLUE RATHBERRY,https://getrawnutrition.mx/cdn/shop/files/essential_charged-BR-25Serv.png?v=1743532227
RAW,Cbum Essential CHARGED,25 sv,385,CITRUS GRAPEFRUIT,https://getrawnutrition.mx/cdn/shop/files/essential_charged-CG-25Serv.png?v=1743532264
RAW,Cbum Essential CHARGED,25 sv,385,SOUR WATERMELON,https://theshack.com.mx/cdn/shop/files/CBUM-Essentials-Charged-550x550.webp?v=1721947135&width=1024
RAW,Cbum Essential CHARGED,25 sv,385,ICY LEMON SLUSH,https://getrawnutrition.mx/cdn/shop/files/Essential_charged-icy_lemon_slush-front.png?v=1758917123
RAW,Cbum Essential CHARGED,25 sv,385,CHAMOY MANGO,https://getrawnutrition.mx/cdn/shop/files/Essential_Pre_Charged_-_Chamoy_Mango_MEX_-_front.png?v=1768338823
RAW,Cbum essential,30 sv,380,CITRUS GRAPEFRUIT,https://theshack.com.mx/cdn/shop/files/Artboard_3.png?v=1718241774&width=1024
RAW,Cbum essential,30 sv,380,"RED, WHITE BUM ANTES (FREEDOM POP)",https://http2.mlstatic.com/D_NQ_NP_818436-MLA99489782904_112025-O.webp
RAW,Cbum essential,30 sv,380,FRUIT BURST,"https://m.media-amazon.com/images/I/41sSo8B5iQL._AC_UF1000,1000_QL80_.jpg"
RAW,Cbum essential,30 sv,380,ORANGE,https://http2.mlstatic.com/D_NQ_NP_942955-MLA82577784825_022025-O.webp
RAW,Cbum essential,30 sv,380,SOUR WATERMELON,https://m.media-amazon.com/images/I/71eINqbqI2L.jpg
RAW,Cbum essential,30 sv,380,PEACH MANGO,https://m.media-amazon.com/images/I/71JnUH9TIeL.jpg
RAW,Cbum essential,30 sv,380,JAMAICA TEA,https://getrawnutrition.mx/cdn/shop/files/essential-jamaica_tea-front.png?v=1737662117
RAW,Cbum essential,30 sv,380,TAMARINDO,https://suplementosmx.com/cdn/shop/files/355_bdafa9e0-01d1-47d4-87f4-18c453397623_700x700.webp?v=1757713198
RAW,Cbum essential,30 sv,380,BLUE RASPBERRY,https://m.media-amazon.com/images/I/71rbUTpz-sL.jpg
RAW,Cbum essential,30 sv,380,GRAPE,https://http2.mlstatic.com/D_NQ_NP_826768-MLA99441982884_112025-O.webp
RAW,Cbum essential,30 sv,380,RASPBERRY CREAMTHICKLE,https://i5.walmartimages.com/asr/cc817e00-e4c1-43a1-8800-0a3bf297b3fe.d59235b8f2b06be165b14cfbe3714817.png
RAW,Cbum essential,30 sv,380,STRAWBERRY KIWI,https://getrawnutrition.mx/cdn/shop/files/essential_performance_-_strawberry_kiwi_-_front.png?v=1747083017
RAW,Cbum essential,30 sv,380,WATERMELON GRAPE,https://http2.mlstatic.com/D_Q_NP_770035-MLA99372170168_112025-O.webp
RAW,Cbum essential,30 sv,380,ICY LEMON SLUSH,https://i5.walmartimages.com/asr/d5d745cf-201f-4409-a541-92b6b31b5bf4.44c25a038059a4c8c84eec37e9e7c28e.png
RAW,Cbum essential,30 sv,380,CHAMPION MENTALITY,https://i5.walmartimages.com/asr/a1f7df03-d925-4c48-83fc-2567fb3a4081.b7e3cfb250ad514f5780ddef9a0464ed.jpeg?odnHeight=612&odnWidth=612&odnBg=FFFFFF
RAW,Cbum essential,30 sv,380,GUAVA PASSION FRUIT,https://suplementosmx.com/cdn/shop/files/CBUM_Essential_Pre-Workout_30_serve_Guava_Passion_Fruit_Canada_700x700.jpg?v=1767819573
RAW,Cbum essential,30 sv,380,COTTON CANDY,https://http2.mlstatic.com/D_Q_NP_901251-MLA101658540597_122025-O.webp
RAW,Cbum essential,30 sv,380,SOUR AF,https://http2.mlstatic.com/D_Q_NP_870770-MLA99586577366_122025-O.webp
RAW,Cbum essential,30 sv,380,CHAMOY MANGO,https://http2.mlstatic.com/D_NQ_NP_876114-MLA104277630149_012026-O.webp
RAW,Cbum juicy pumps,40 sv,440,-,https://getrawnutrition.mx/cdn/shop/files/RawProduct-38.jpg?v=1720624445
RAW,Eaa aminos,25 sv,375,ISLAND SLUSHIE,https://cdn.shopify.com/s/files/1/0921/7654/8214/files/image_2024-04-24_6628c5acad4bd.jpg?v=1755860626
RAW,Eaa aminos,25 sv,375,PINEAPPLE,https://i5.walmartimages.com/asr/6391e92e-8067-408e-b360-688fa2aa6353.bb6d5db14adac9c05553f601ca9b2106.jpeg?odnHeight=768&odnWidth=768&odnBg=FFFFFF
RAW,Eaa aminos,25 sv,375,WATERMELON,https://m.media-amazon.com/images/I/71nOIFwhzmL.jpg
RAW,Eaa aminos,25 sv,375,STRAWBERRY LEMONADE,https://m.media-amazon.com/images/I/71bfqKgf8bL.jpg
RAW,Eaa plus,30 sv,410,BLUEBERRY LEMONADE,https://getrawnutrition.mx/cdn/shop/files/EAAplus-BlueberryLemonade-front-noIS_430x_947e6ce4-13f4-40a2-9957-4dd1a47efbd4_2048x.webp?v=1741985663
RAW,Eaa plus,30 sv,410,PINEAPPLE,https://m.media-amazon.com/images/I/71li2zB1LBL.jpg
RAW,Eaa plus,30 sv,410,RASPBERRY LEMONADE,https://getrawnutrition.mx/cdn/shop/files/EAAplus_-_Raspberry_Lemonade-front_2048x.png?v=1758814794
RAW,Eaa plus,30 sv,410,WATERMELON GRAPE,https://http2.mlstatic.com/D_NQ_NP_601435-MLA104279189979_012026-O.webp
RAW,Eaa plus,30 sv,410,ICY LEMON SLUSH,https://getrawnutrition.mx/cdn/shop/files/EAAplus-Icy_Lemon_Slush-front_ead7d3d4-ba24-4edd-a9b4-2268facc0492.png?v=1759248770
RAW,Eaa plus,30 sv,410,SOUR GUMMY WORM,https://http2.mlstatic.com/D_NQ_NP_660746-MLM108264665747_032026-O.webp
RAW,Burn,30 sv,525,PEACH RINGS,"https://cloudinary.images-iherb.com/image/upload/f_auto,q_auto:eco/images/rws/rws63490/l/8.jpg"
RAW,Burn,30 sv,525,SWEET CITRUS,"https://cloudinary.images-iherb.com/image/upload/f_auto,q_auto:eco/images/rws/rws44899/y/8.jpg"
RAW,Creatine,30 sv,295,-,"https://m.media-amazon.com/images/I/71c9jPdgmBL._AC_UF894,1000_QL80_.jpg"
RAW,Creatine,50 sv,320,-,https://healthzone.mx/cdn/shop/files/RAWCREATINAMONOHYDRATE50SERVS_1000x.png?v=1748460649
RAW,Creatine,100 sv,450,-,https://m.media-amazon.com/images/I/71yNlrJaueL._AC_SX679_.jpg
RAW,Beta alanine,60 sv,420,-,"https://m.media-amazon.com/images/I/61eJ+x7DyzL._AC_UF1000,1000_QL80_.jpg"
RAW,Sleep,30 sv,485,Strawberry Kiwi,https://http2.mlstatic.com/D_NQ_NP_830723-MLA99947560209_112025-O.webp
RAW,My cookie dealer,1 pza,51,BIRTHDAY CAKE,https://http2.mlstatic.com/D_NQ_NP_617797-MLA103106746981_122025-O.webp
RAW,My cookie dealer,1 pza,51,Chocolate Chip,https://theshack.com.mx/cdn/shop/files/258.webp?v=1718243004&width=1024
RAW,My cookie dealer,1 pza,51,Coffee cake,https://suplementosmx.com/cdn/shop/files/jn8_9d7d8840-a741-45c6-82f8-2f8c7af8dcfb_1244x700.webp?v=1711391633
RAW,My cookie dealer,1 pza,51,DOUBLE CHOCOLATE,https://suplementosmx.com/cdn/shop/files/jn7_b30eaeec-7a96-4640-b975-d3e2134b03a1_1245x700.webp?v=1711391634
RAW,My cookie dealer,1 pza,51,MILK AND COOKIES,https://theproteindealer.mx/cdn/shop/files/12COOKIES..webp?v=1726849647&width=1445
RAW,My cookie dealer,1 pza,51,Strawberry Toaster,https://suplementosmx.com/cdn/shop/files/jn10_3ccc5a0c-12cc-4d38-b185-a57cf7bbca2e_1245x700.webp?v=1711391634
RAW,My cookie dealer,1 pza,51,Chocolate candy ganache,https://mycookiedealer.com/cdn/shop/files/4OZPROTEINCHOCOLATECANDYGANACHERENDERING.jpg?v=1762460877
RAW,My cookie dealer,1 pza,51,Peanut Butter & Jelly,https://mycookiedealer.com/cdn/shop/files/PEANUTBUTTER_JELLY.png?v=1747690879
RAW,My cookie dealer,1 pza,51,Most Loved Childhood,https://www.afsupplements.com.mx/cdn/shop/files/2.2OZ.mostlovedchildhoodcupcake.webp?v=1754670222&width=1946
RAW,Cookie Toaster Pastry,1 pza,49.5,Chocolate Donut,https://http2.mlstatic.com/D_NQ_NP_736125-MLA101662505246_122025-O.webp
RAW,Cookie Toaster Pastry,1 pza,49.5,Apple pie,https://mycookiedealer.com/cdn/shop/files/Untitleddesign_53.png?v=1768011298
RAW,Cookie Toaster Pastry,1 pza,49.5,BLUE BERRY,https://http2.mlstatic.com/D_NQ_NP_888770-MLA102168165129_122025-O.webp
RAW,Cookie Toaster Pastry,1 pza,49.5,Strawberry,https://http2.mlstatic.com/D_NQ_NP_734734-MLA108195868847_032026-O.webp
RAW,Cookie Toaster Pastry,1 pza,49.5,Cookies and cream,https://mycookiedealer.com/cdn/shop/files/Untitleddesign_54.png?v=1768011654
RAW,Cookie Toaster Pastry,1 pza,49.5,Hot Fudge Sundae,https://http2.mlstatic.com/D_NQ_NP_925068-MLA108195991139_032026-O.webp
RAW,Bum energy OLD,1 pza,37,BLUE SNOW CONE,https://theshack.com.mx/cdn/shop/files/BUM-Blue-Snow-Cone-Energy-Drinks-355ml-Can_1000x_8226afc8-ce08-4432-98e6-735deeb7ae48.webp?v=1718240214&width=1024
RAW,Bum energy OLD,1 pza,37,CHAMPION MENTALITY,https://www.coalitionnutrition.com/cdn/shop/files/App_43.png?v=1723301767&width=2048
RAW,Bum energy OLD,1 pza,37,CHERRY,https://theshack.com.mx/cdn/shop/files/BUM-Energy-Drinks-Cherry-Frost-355ml-Cans_1000x_06f75f1b-7a67-4fd3-9bc9-67058d5b4c5c.webp?v=1718240471&width=1024
RAW,Bum energy OLD,1 pza,37,CITRUS,https://theshack.com.mx/cdn/shop/files/Citrus-Blast-BUM-Energy-Drink-UK-355ml-Cans_1000x_0a181cdb-17ab-4bf4-ab43-5167793ec8ab.webp?v=1718240370&width=1024
RAW,Bum energy OLD,1 pza,37,ORANGE,https://theshack.com.mx/cdn/shop/files/BUM-Energy-Drinks-Orange-Sunrise-Flavour-355ml-UK_1000x_5d32bb20-7880-47c5-b1bd-171112aa2563.webp?v=1718240550&width=1024
RAW,Bum energy OLD,1 pza,37,PEACH MANGO,https://cdn.naturamarket.ca/catalog/product/cache/74041cf14bc82479ac54ccb579e82755/b/u/bum-energy-peach-mango_1_-min.jpg
RAW,Bum energy OLD,1 pza,37,PINK LEMONADE,https://images.media.gianteagle.com/00850057175639-60db8312-5198-4eba-ad9a-9361bcfe552e.jpeg?fill=solid&fit=fill&h=768&q=80&w=768
RAW,Bum energy NEW,1 pza,40,PEACH MANGO,https://suplementosmty.com/cdn/shop/files/CD6A8AC9-4058-4388-94E6-D8BD63A211A0.jpg?v=1754596441&width=1080
RAW,Bum energy NEW,1 pza,40,CHERRY FROST,https://www.instacart.com/image-server/344x344/www.instacart.com/assets/domains/product-image/file/large_28907ed7-98e0-467d-a24d-f3810fd69644.png
RAW,Bum energy NEW,1 pza,40,ORANGE SUNRISE,https://suplementosmty.com/cdn/shop/files/E71380C1-64FE-41A3-9613-79F1DC978BE4.jpg?v=1754596440&width=1080
RAW,Bum energy NEW,1 pza,40,COLA,https://completehealthshop.com/cdn/shop/files/bum_energy_drink_cola_530x.png?v=1763854552
RAW,Bum energy NEW,1 pza,40,CHAMPION MENTALITY,https://d2lnr5mha7bycj.cloudfront.net/product-image/file/large_471a7452-dd24-426f-bd6a-594dc307771f.png
RAW,Bum energy NEW,1 pza,40,PINK LEMONADE,https://http2.mlstatic.com/D_NQ_NP_760627-MLA88826003017_072025-O.webp
RAW,Bum energy NEW,1 pza,40,HARD TO KILL (STRAWBEERY LEMONADE),https://d2lnr5mha7bycj.cloudfront.net/product-image/file/large_4bc6979e-1e29-4fb4-bef1-4a4104dc6802.png
RAW,Bum energy NEW,1 pza,40,ROOT BEER,https://suplementosmty.com/cdn/shop/files/BC36336D-BFE4-45CD-B686-E8196E66EF35.jpg?v=1754596441&width=1080
RAW,Bum energy NEW,1 pza,40,CITRUS BURST,https://suplementosmty.com/cdn/shop/files/39670552-C498-41C0-A170-C8B6B7F9DA81_1800x1800.jpg?v=1754596441
RAW,Bum energy NEW,1 pza,40,GRAPE,https://www.gnc.com/dw/image/v2/BBLB_PRD/on/demandware.static/-/Sites-master-catalog-gnc/default/dw450e4587/hi-res/604828_Bum_Energy_Grape_Unit__Front.jpg
RAW,Bum energy NEW,1 pza,40,DR BUM,https://suplementosmty.com/cdn/shop/files/917E5087-5369-491B-8DB4-61CEE85E3FD0.jpg?v=1754596440&width=1080
RAW,Bum energy NEW,1 pza,40,ICED TEA LEMONADE,https://tb-static.uber.com/prod/image-proc/processed_images/1cbef93999e583f62077e2c4e9034015/b4665c191b34baf3d0e0fa45dfdd3d1d.jpeg
RAW,Shaker raw,20 oz,140,-,https://http2.mlstatic.com/D_NQ_NP_986530-MLM72241914474_102023-O.webp
RAW,Shaker raw México,20 oz,120,-,https://getrawnutrition.mx/cdn/shop/files/RAW-Mexico-02.png?v=1761747154
RYSE,Loaded,30 sv,550,BAZOOKA GRAPE,https://http2.mlstatic.com/D_Q_NP_734032-MLA99449672228_112025-O.webp
RYSE,Loaded,30 sv,550,COUNTRY TIME LEMONADE,https://http2.mlstatic.com/D_NQ_NP_682202-MLM86096315532_062025-O.webp
RYSE,Loaded,30 sv,550,FREEDOM ROCKS,https://theshack.com.mx/cdn/shop/files/Ryse-Loaded-Pre-Freedom-Rocks_800x_3bbb3cc3-b563-4852-bdb0-71487aaaffc1.webp?v=1722639265&width=1024
RYSE,Loaded,30 sv,550,PINK SPLASH,https://theshack.com.mx/cdn/shop/files/ryse-pink_1700167047-0.webp?v=1722639546&width=1024
RYSE,Loaded,30 sv,550,RING POP CHERRY,https://http2.mlstatic.com/D_NQ_NP_837540-MLA99506220380_112025-O.webp
RYSE,Loaded,30 sv,550,SMARTIES,https://http2.mlstatic.com/D_Q_NP_885405-MLU73460110036_122023-O.webp
RYSE,Loaded,30 sv,550,SOUR BLUE RAZZ,https://http2.mlstatic.com/D_NQ_NP_734429-MLA99993819989_112025-O.webp
RYSE,Loaded,30 sv,550,SOUR GREEN APPLE,https://http2.mlstatic.com/D_NQ_NP_908981-MLM77984709139_072024-O.webp
RYSE,Loaded,30 sv,550,STRAWBERRY SQUEEZE,"https://m.media-amazon.com/images/I/71JTPQ1EAfL._AC_UF894,1000_QL80_.jpg"
RYSE,Loaded,30 sv,550,TIGERS BLOOD,https://suplementosmx.com/cdn/shop/files/D_NQ_NP_720674-MLU77845560400_072024-O_grande.webp?v=1727282969
RYSE,Loaded,30 sv,550,KOOLAID TROPICAL PUNCH,https://m.media-amazon.com/images/I/61-TTYQMzfL.jpg
RYSE,Loaded,30 sv,550,JELLO LEMON LIME,https://http2.mlstatic.com/D_Q_NP_918824-MLA99964413067_112025-O.webp
RYSE,Loaded,30 sv,550,KOOLAID GRAPE,https://http2.mlstatic.com/D_NQ_NP_871576-MLA99988660701_112025-O.webp
RYSE,Loaded,30 sv,550,SUNNY D TANGY,https://http2.mlstatic.com/D_Q_NP_881360-MLA99394434472_112025-O.webp
RYSE,Loaded,30 sv,550,JELLO ISLAND PINEAPPLLE,https://http2.mlstatic.com/D_NQ_NP_749642-MLM84630955962_052025-O.webp
RYSE,Loaded,30 sv,550,KOOLAID CHERRY LIMEADE,https://d2lnr5mha7bycj.cloudfront.net/product-image/file/large_261ece2f-0118-48cb-9fb1-30f9ac862f8d.png
RYSE,Loaded,30 sv,550,COUNTRY TIME BLUEBERRY,https://http2.mlstatic.com/D_NQ_NP_682202-MLM86096315532_062025-O.webp
RYSE,Loaded,30 sv,550,SOUR PUNCH WATERMELON,https://http2.mlstatic.com/D_NQ_NP_697503-MLM92896627097_092025-O.webp
RYSE,Loaded,30 sv,550,KOOL AID CHERRY LIMEADE,https://http2.mlstatic.com/D_NQ_NP_793978-MLM94678545338_102025-O.webp
RYSE,Loaded,30 sv,550,MANGO CHILI,https://http2.mlstatic.com/D_NQ_NP_740179-MLM91146839605_082025-O.webp
RYSE,Godzilla,40 sv,770,BLACKBERRY LEMONADE,https://http2.mlstatic.com/D_NQ_NP_973221-MLA100063158405_122025-O.webp
RYSE,Godzilla,40 sv,770,BLUE RASPBERRY,https://m.media-amazon.com/images/I/718qUjKuwAL.jpg
RYSE,Godzilla,40 sv,770,MONSTERBERRY LIME,"https://m.media-amazon.com/images/I/71x4X8Ley5L._AC_UF350,350_QL80_.jpg"
RYSE,Godzilla,40 sv,770,PASSION PINEAPPLE,https://theshack.com.mx/cdn/shop/files/Godzilla-Pre-Workout-Passion-Pineapple-26-Oz-40-Servings_7c592d0d-258f-4ad8-90bb-813642b6389d.295fb88932525222fe9b5718f9aff423.webp?v=1721949778&width=1024
RYSE,Godzilla,40 sv,770,STRAWBERRY KIWI,"https://cloudinary.images-iherb.com/image/upload/f_auto,q_auto:eco/images/rys/rys91418/l/24.jpg"
RYSE,Godzilla,40 sv,770,GREEN APPLE,https://http2.mlstatic.com/D_NQ_NP_606367-MLA86411292258_062025-O.webp
RYSE,Bcaa,30 sv,445,Country Time Lemonade,"https://cloudinary.images-iherb.com/image/upload/f_auto,q_auto:eco/images/rys/rys91462/y/8.jpg"
RYSE,Bcaa,30 sv,445,KOOLAID TROPICAL PUNCH,https://m.media-amazon.com/images/I/71bVwbuV8hL.jpg
RYSE,Bcaa,30 sv,445,SUNNY D ORANGE PINEAPPLE,https://i5.walmartimages.com/asr/7fc298a4-ff1a-46df-b8ae-aa6489bfd099.589774c2b4735fe73e0b3f2fd1045d98.jpeg?odnHeight=612&odnWidth=612&odnBg=FFFFFF
RYSE,BCAA + EAA,30 sv,440,Cherry Limeade,"https://cloudinary.images-iherb.com/image/upload/f_auto,q_auto:eco/images/rys/rys00062/l/8.jpg"
RYSE,BCAA + EAA,30 sv,440,Strawberry Pineapple,https://m.media-amazon.com/images/I/51CVDD+JjWL.jpg
RYSE,BCAA + EAA,30 sv,440,Tropical Snowcone,https://i5.walmartimages.com/seo/BCAA-EAA-Supports-Hydration-Endurance-and-Recovery-Tropical-Snocone-13-3-Oz-30-Servings_be2668fe-76cd-461d-ba3b-ec64e929a11b.2ea93bd97654ba01bca4e58ea3bf1352.jpeg
RYSE,FUEL,1 pz,47,BAJA BURST LIME,https://candyfunhouse.com/cdn/shop/files/candy-funhouse-ryse-fuel-baja-burst_grande.jpg?v=1691690124
RYSE,FUEL,1 pz,47,COUNTRY LIME LEMONADE,"https://img.cdn4dd.com/cdn-cgi/image/fit=contain,width=1200,height=672,format=auto/https://doordash-static.s3.amazonaws.com/media/photosV2/39fac345-e222-4db4-a768-1fe65612426e-retina-large.png"
RYSE,FUEL,1 pz,47,KOOLAID TROPICAL PUNCH,https://i5.walmartimages.com/asr/c65f24a3-a720-4517-8f67-bfbb039e50b5.4c0b91715114dd284c643738ae9d0890.jpeg
RYSE,FUEL,1 pz,47,PEACH COOLER,https://images.heb.com/is/image/HEBGrocery/010311009-1
RYSE,FUEL,1 pz,47,PINK SPLASH,"https://www.healthyplanetcanada.com/media/catalog/product/a/0/a0068171_1_.webp?optimize=medium&bg-color=255,255,255&fit=bounds&height=&width=&canvas=:"
RYSE,FUEL,1 pz,47,RAINBOW SHERBET,https://http2.mlstatic.com/D_Q_NP_803538-MLM78566919265_082024-O.webp
RYSE,FUEL,1 pz,47,SOUR PUNCH GREEN,"https://m.media-amazon.com/images/I/81KVZW2v4ML._AC_UF350,350_QL80_.jpg"
RYSE,FUEL,1 pz,47,SUNNY D,https://http2.mlstatic.com/D_NQ_NP_654230-MLM54959238869_042023-O.webp
RYSE,FUEL,1 pz,47,BAJA COOLER,https://gnc.cr/wp-content/uploads/2025/04/Sin-titulo-4.jpg
RYSE,FUEL,1 pz,47,SOUR PUNCH BLUE RASP,"https://m.media-amazon.com/images/I/81y-MjOn5uL._AC_UF350,350_QL80_.jpg"
RYSE,FUEL,1 pz,47,RING POP (Rosa),https://http2.mlstatic.com/D_NQ_NP_839338-MLU77968786168_082024-O.webp
RYSE,FUEL,1 pz,47,STRAWBERRY SQUEEZE,https://candymail.co.uk/cdn/shop/files/RYSE-Fuel-Strawberry-Squeeze-Zero-Energy-Drinks-473ml-Cans_grande.webp?v=1750933804
RYSE,FUEL,1 pz,47,COTTON CANDY,https://lacasitadeli.myshopify.com/cdn/shop/files/large_d9e07baf-e92e-4f71-b87f-51a6c540891a.png?v=1762393794
RYSE,FUEL,1 pz,47,KOOLAID GRAPE,https://i5.walmartimages.com/asr/5443bc2d-727d-47bd-8342-c5ec872ad01b.c50056aa4ad66f9c1b179c1ee9e918ae.jpeg
RYSE,FUEL,1 pz,47,RING POP CHERRY (Rojo),"https://m.media-amazon.com/images/I/71YqDIC1S-L._AC_UF350,350_QL80_.jpg"
RYSE,FUEL,1 pz,47,CHERRY LIMEADE,https://images.media.gianteagle.com/00810137321547-75e40b49-cd01-4421-8679-2273b38ed30b.jpeg?fill=solid&fit=fill&h=768&q=80&w=768
RYSE,FUEL,1 pz,47,ARTIC BERRY,"https://m.media-amazon.com/images/I/81qAbVKlU-L._AC_UF350,350_QL80_.jpg"
XTEND,Xtend BCAA,90 sv,720,BLUE RASPBERRY,https://http2.mlstatic.com/D_NQ_NP_679291-MLA99531479080_122025-O.webp
XTEND,Xtend BCAA,90 sv,720,Fruit punch,https://suplementosmx.com/cdn/shop/files/xtendtheoriginalbcaa90serviciosponchedefrutas_700x700.webp?v=1725035944
XTEND,Xtend BCAA,90 sv,720,Mango,https://http2.mlstatic.com/D_NQ_NP_689077-MLA99906718033_112025-O.webp
XTEND,Xtend BCAA,90 sv,720,STRAWBERRY KIWI,https://http2.mlstatic.com/D_NQ_NP_935689-MLM92390785310_092025-O.webp
XTEND,Xtend BCAA,90 sv,720,WAtermelon,https://http2.mlstatic.com/D_Q_NP_801254-MLA99967905905_112025-O.webp
XTEND,Xtend BCAA,90 sv,720,Glaciar Grape,https://suplementosmx.com/cdn/shop/files/scivation-xtend-original-bcaa-90-servings-grape_lrg_15532832-bce5-4a01-be3e-f05434b97626_448x448.png?v=1712643302
XTEND,Xtend BCAA,90 sv,720,Italian Orange,"https://m.media-amazon.com/images/I/713vXDBALGL._AC_UF1000,1000_QL80_.jpg"
XTEND,Xtend BCAA,90 sv,720,LEMON LIME,https://i5.walmartimages.com/asr/9f61decb-5b0e-4322-9e8c-900886a9137f.bf716f3d26bc27606d7b5c26d5d1e5e3.jpeg?odnHeight=612&odnWidth=612&odnBg=FFFFFF
XTEND,Xtend BCAA,90 sv,720,Smash apple,https://http2.mlstatic.com/D_NQ_NP_735525-MLA99989896333_112025-O.webp
XTEND,Xtend BCAA,90 sv,720,Tropical Thunder,https://m.media-amazon.com/images/I/71CkEB+ljPL.jpg
XTEND,Xtend BCAA,30 sv,270,PINK LEMONADE,https://excartbd.com/cdn/shop/files/xtend-bcaa-30-servings-pink-lemonade-at-excartbd.com_700x700.jpg?v=1753034295
XTEND,Xtend BCAA,30 sv,270,WAtermelon,https://www.innovasport.com/medias/IS-105013-1.png?context=bWFzdGVyfGltYWdlc3w5MzgxMHxpbWFnZS9wbmd8YVcxaFoyVnpMMmc0WVM5b1pEWXZPVGt4TlRnd056VTVOalUzTkM1d2JtY3w3YTM1ZGQ0NDBiZWJjZTAyMWZjMmMxZWU5NGU4MTY4NGVmOWU0MTg4MzVhN2ZlNmEzZGI3ZWFkZmEyMTgwODA4
XTEND,Xtend BCAA,30 sv,270,Strawberry mango,https://i5.walmartimages.com/asr/ca15a8ad-38be-4613-9f44-80596dfa0221.fb9e6c9dd89d6c541acc8ec73e6af31f.jpeg?odnHeight=612&odnWidth=612&odnBg=FFFFFF
XTEND,Xtend BCAA,30 sv,270,FREEDOM ICE,https://http2.mlstatic.com/D_NQ_NP_933911-MLU70100697101_062023-O.webp
XTEND,Xtend BCAA,30 sv,270,Mango,https://i5.walmartimages.com/asr/ca15a8ad-38be-4613-9f44-80596dfa0221.fb9e6c9dd89d6c541acc8ec73e6af31f.jpeg
XTEND,Xtend BCAA,30 sv,270,Apple,https://http2.mlstatic.com/D_Q_NP_842003-MLU75358733281_032024-O.webp
XTEND,Xtend BCAA,30 sv,270,GraPE,https://i5.walmartimages.com/asr/6e08ec88-e925-431b-bc27-be04dcc1155e.4519a3526450be20ebfa07abcb92753b.jpeg?odnHeight=612&odnWidth=612&odnBg=FFFFFF
XTEND,Xtend BCAA,30 sv,270,Fruit punch,https://http2.mlstatic.com/D_NQ_NP_879091-MLA100001777455_112025-O.webp
XTEND,Xtend BCAA,30 sv,270,PINEAPPLE,https://http2.mlstatic.com/D_Q_NP_913448-MLA99977187089_112025-O.webp
XTEND,Xtend BCAA,30 sv,270,Blood Orange,https://suplementosmx.com/cdn/shop/files/xtend-bcaas-30-serv-scivation_jpg_700x700.png?v=1714075142
XTEND,Xtend BCAA,30 sv,270,BLUE RASPBERRY,"https://cloudinary.images-iherb.com/image/upload/f_auto,q_auto:eco/images/sci/sci00015/l/59.jpg"
XTEND,Xtend BCAA,30 sv,270,STRAWBERRY KIWI,https://i5.walmartimages.com/asr/0dd75bec-df90-4d18-8821-7650566bd6fa.04c9a42766ddc5d50d03213e27fdb972.jpeg?odnHeight=612&odnWidth=612&odnBg=FFFFFF
XTEND,Shaker,1.6L,195,Verde,https://suplementoshypertrophy.com/cdn/shop/files/xtend_verde_1024x1024.png?v=1756670296
XTEND,Shaker,1.6L,195,Blanco,https://www.afsupplements.com.mx/cdn/shop/files/IMG-0604.jpg?v=1708871175
XTEND,Shaker,1.6L,195,Rosa,https://suplementoshypertrophy.com/cdn/shop/files/xtend_rosa_480x480.png?v=1756670296
MUSCLE,MUSCLE SANDWICH,1 pza,29.75,Peanut,https://fitnessmarket.mx/cdn/shop/products/original-muscle-sandwich_2048x.png?v=1755214983
MUSCLE,MUSCLE SANDWICH,1 pza,29.75,VainiLLA,https://theproteindealer.mx/cdn/shop/files/MUSCLESANDWICHVAINILLA12BARS1.webp?v=1738091913&width=1445